Date,RELIANCE.NS_Close,RELIANCE.NS_High,RELIANCE.NS_Low,RELIANCE.NS_Open,RELIANCE.NS_Volume,SMA_10,SMA_20,EMA_10,EMA_20,Return,Volatility,RSI,MACD,Target_1,Target_2,Target_3
2021-07-02,964.2848510742188,966.0286046961062,947.9345027993265,949.7688254664646,14086620,970.9540893554688,986.6392547607422,966.9517986286439,975.9167776920606,0.014823937955543931,8.102490351630385,29.946329215027447,-8.832132405336665,973.8640747070312,962.3599243164062,955.679443359375
2021-07-05,973.8640747070312,975.3813457995719,965.3944913619939,967.6364346091955,11702287,967.0114440917969,985.0662322998047,968.2274375030955,975.6940562570302,0.00993401858604459,11.2907733693782,33.633954435240426,-7.730409862527154,962.3599243164062,955.679443359375,947.7760009765625
2021-07-06,962.3599243164062,973.2752309763289,960.2765368506975,971.486252797126,10070124,962.4392333984375,983.2068634033203,967.1475530058492,974.2662204285945,-0.011812891233395018,8.940390691291928,35.13184233949748,-7.556989471683323,955.679443359375,947.7760009765625,938.0836181640625
2021-07-07,955.679443359375,963.6961219133111,950.2218196134942,963.6961219133111,10454892,958.1229248046875,981.90712890625,965.0415974848526,972.2992202050269,-0.006941769693679434,8.982003836537258,32.551226400851846,-7.786762782651067,947.7760009765625,938.0836181640625,943.92626953125
2021-07-08,947.7760009765625,958.8045791709611,942.5221577829742,958.8045791709611,11185460,955.3646545410156,980.0316833496094,961.876768269871,969.7311737689289,-0.008269972151991212,9.760788835029501,28.543748228843043,-8.416650967358805,938.0836181640625,943.92626953125,950.9917602539062
2021-07-09,938.0836181640625,947.3684433649398,935.7737479702222,945.692616426164,9037675,953.8587036132812,976.8171020507813,957.5218859144094,966.4481996046687,-0.01022644886820645,13.668455273801818,24.042523250689484,-9.481184381750722,943.92626953125,950.9917602539062,944.7867431640625
2021-07-12,943.92626953125,951.8070347554016,939.5782363454429,941.9560333000883,8585292,953.77265625,973.175650024414,955.0364817900355,964.1315618724509,0.006228284189230715,9.590547866416314,27.953309495324405,-9.788507122088163,950.9917602539062,944.7867431640625,943.1336669921875
2021-07-13,950.9917602539062,952.5090313833667,945.7152147930674,951.1276138236502,6717133,954.3116271972656,969.7719757080079,954.2978014375138,962.790208777285,0.007485214630338577,6.7155440010872445,33.30698746172148,-9.412757704357546,944.7867431640625,943.1336669921875,956.7437744140625
2021-07-14,944.7867431640625,954.2300635744198,942.6353689523012,951.2860904215172,8532544,953.1951843261719,966.9276489257812,952.5622195708321,960.9648520331647,-0.006524785333773098,4.810882922448651,37.8727871494267,-9.453752476620025,943.1336669921875,956.7437744140625,950.652099609375
2021-07-15,943.1336669921875,948.8630578642602,941.3899132919198,948.8630578642602,9448356,952.4886352539063,963.9089569091797,950.8428320141797,959.1680151847995,-0.0017496818026244698,4.61229826429807,45.255479943087174,-9.49496171498538,956.7437744140625,950.652099609375,948.3195190429688
2021-07-16,956.7437744140625,957.8081403899708,945.5114158643191,945.5793426478567,8828185,951.7345275878906,961.3443084716797,951.9183434539698,958.9250698203278,0.014430730126812064,5.830326059075887,55.39878544964709,-8.42842772059862,950.652099609375,948.3195190429688,960.5029296875
2021-07-19,950.652099609375,961.9976700838799,947.6175572445412,951.1276470202398,8354449,949.413330078125,958.2123870849609,951.6876587751066,958.1000996761113,-0.006367091135155989,5.442558779661895,52.176472630738296,-7.94330889104765,948.3195190429688,960.5029296875,953.7093505859375
2021-07-20,948.3195190429688,954.7509997157346,943.8809767465054,950.9011562369292,6741464,948.0092895507812,955.2242614746094,951.0742721967436,957.1291430333588,-0.002453663719214072,5.360776976864655,46.46676149898357,-7.644076548348039,960.5029296875,953.7093505859375,940.642578125
2021-07-22,960.5029296875,961.9522739144625,950.2896532195613,959.7329730544459,7972397,948.4916381835938,953.3072814941406,952.7908576298271,957.4627257978926,0.012847368845499085,6.8682942214168134,54.502240492508314,-6.419689460522818,953.7093505859375,940.642578125,930.746337890625
2021-07-23,953.7093505859375,966.7307488858196,952.0561658138582,966.7307488858196,9937030,949.0849731445312,952.2248138427734,952.9580383528231,957.0929560332603,-0.007072939489911612,4.831566110934288,45.06450898032685,-5.894198474627387,940.642578125,930.746337890625,922.7523193359375
2021-07-26,940.642578125,960.6388700312618,938.0382987131833,954.750983452507,12389668,949.340869140625,951.5997863769531,950.7168674980805,955.4776166300546,-0.013701000680038988,7.279303242071862,34.98460945987176,-6.393281703855337,930.746337890625,922.7523193359375,929.9536743164062
2021-07-27,930.746337890625,943.7450933231961,924.8584510240973,940.6199818363403,10824523,948.0228759765625,950.8977661132812,947.0832139978089,953.0562957282697,-0.010520723242298247,11.54827908953217,35.50060381841665,-7.454262797878982,922.7523193359375,929.9536743164062,921.8238525390625
2021-07-28,922.7523193359375,932.1050710097164,913.1957274047861,932.1050710097164,12897848,945.1989318847657,949.7552795410156,942.6567756126857,950.0972707661222,-0.008588826223914658,15.635583071714795,35.07795186468208,-8.802388866598335,929.9536743164062,921.8238525390625,938.6724243164062
2021-07-29,929.9536743164062,939.5329082786225,925.4924300252735,930.2933681370648,13765738,943.715625,948.4554046630859,940.3459934982845,948.1350761936378,0.007804212278383904,11.977796521318135,41.87147962504266,-9.209972227568755,921.8238525390625,938.6724243164062,945.579345703125
2021-07-30,921.8238525390625,936.6115854453042,919.9215431668897,932.1050565925411,11350608,941.5846435546875,947.0366394042969,936.9769867449369,945.5776463229413,-0.008742179316964194,7.580742005063584,42.476913953291344,-10.042046361086932,938.6724243164062,945.579345703125,952.8261108398438
2021-08-02,938.6724243164062,941.7975357253354,924.4734496016514,930.4293230086479,10925104,939.7775085449218,945.7560180664062,937.2853488272418,944.9077779547632,0.018277430911487258,6.852454014582401,47.79383157574232,-9.290969931224708,945.579345703125,952.8261108398438,966.6400756835938
2021-08-03,945.579345703125,947.0513322851771,934.9131634487219,946.5984271599676,11817299,939.2702331542969,944.3417816162109,938.7937513102496,944.9728108758216,0.0073581807750970896,10.269907591918917,47.724215240882565,-8.067113992987515,952.8261108398438,966.6400756835938,946.168212890625
2021-08-04,952.8261108398438,957.468493410625,945.239695070289,948.5912889902256,13169800,939.7208923339844,943.8650909423828,941.3456473055486,945.7320901966866,0.007663836112378419,12.286794575566834,53.350996086684184,-6.45946226808519,966.6400756835938,946.168212890625,940.7783813476562
2021-08-05,966.6400756835938,975.9474827845528,953.0525024475675,957.604315821072,21252078,940.3346069335937,944.4131225585937,945.9454570606993,947.7506173003894,0.014497886536268378,16.635728430544955,58.89613944474345,-4.061975261443081,946.168212890625,940.7783813476562,945.7151489257812
2021-08-06,946.168212890625,972.3921457790564,941.5031281309346,964.6925186543999,16620987,939.5804931640625,944.3327331542969,945.9859640488771,947.5980458124948,-0.02117837166899106,10.576095421832626,46.19522636723279,-3.7202376250595535,940.7783813476562,945.7151489257812,958.963134765625
2021-08-09,940.7783813476562,946.5078316871239,935.9548011334763,942.5221349162108,7494143,939.5940734863282,944.4674713134766,945.0390174423455,946.9412853586267,-0.005696483426030907,10.041766964754384,46.42969857987764,-3.827541138490915,945.7151489257812,958.963134765625,955.88330078125
2021-08-10,945.7151489257812,957.0154935941663,939.2384442496343,942.9750161589803,11919198,941.0909545898437,944.5569152832031,945.1619624842266,946.8233293288132,0.005247535100724843,10.025644568217066,49.075677071419165,-3.4845164390658283,958.963134765625,955.88330078125,971.8032836914062
2021-08-11,958.963134765625,960.1859966454768,943.6092248291548,949.7462363911606,9184963,944.7120361328125,944.9554840087891,947.6714676899313,947.9900715752342,0.014008431455171166,10.743007070713553,49.4576065372731,-2.145486071015739,955.88330078125,971.8032836914062,984.4170532226562
2021-08-12,955.88330078125,962.9941092821113,953.3922326146494,962.4052906590396,8137612,947.3049987792969,945.5103118896484,949.164626177867,948.7480204794313,-0.0032116291781412176,7.61232503889493,50.786348471281,-1.3122937081828923,971.8032836914062,984.4170532226562,980.2275390625
2021-08-13,971.8032836914062,973.7282353115995,955.181228214771,958.9630848706249,12780901,952.3029418945313,946.9437927246094,953.2809666038916,950.9601655268622,0.01665473483755253,12.110020565037306,61.043322594363275,0.5981183686213853,984.4170532226562,980.2275390625,984.0321655273438
2021-08-16,984.4170532226562,997.7781437654177,963.8772277608733,973.4791039346753,21935444,956.8774047851563,948.3274566650391,958.942321810619,954.1680604009009,0.012979756029776413,15.0105187208534,68.6613953989804,3.073875001504689,980.2275390625,984.0321655273438,972.9808959960938
2021-08-17,980.2275390625,989.7161436724384,972.7996796494008,982.310986419895,12658169,960.3422241210938,949.8062286376953,962.8125003292811,956.6650745136634,-0.004255832572628848,12.614122576917783,70.52731164794154,4.649769455181286,984.0321655273438,972.9808959960938,979.3671264648438
2021-08-18,984.0321655273438,990.4409443539315,974.9511803260805,984.6436264377176,10075860,963.4628295898438,951.5918609619141,966.6707346656129,959.2858592535204,0.0038813707157039357,11.967492572612338,69.79443785639157,6.129328300280122,972.9808959960938,979.3671264648438,989.0369262695312
2021-08-20,972.9808959960938,983.7376470917055,967.88554870858,970.6030393085123,9426282,964.0969116210938,952.2157592773438,967.8180643142522,960.5966625872816,-0.01123059785888969,5.994218122951418,68.33301034199314,6.350480964742474,979.3671264648438,989.0369262695312,997.5969848632812
2021-08-23,979.3671264648438,984.6436123486905,965.756910089194,984.6436123486905,9854395,967.4168029785156,953.498648071289,969.9179351088308,962.3923999365355,0.006563572311676369,4.617326256721167,65.76588974834809,6.953199893745591,989.0369262695312,997.5969848632812,1010.2107543945312
2021-08-24,989.0369262695312,992.7961409161452,976.3098780018888,980.5899844960273,11864472,972.2426574707031,955.9183654785156,973.394171276247,964.9403390300031,0.009873518870897602,5.94289695715934,66.48340683636027,8.10689312559316,997.5969848632812,1010.2107543945312,1008.829345703125
2021-08-25,997.5969848632812,1005.4778098902966,987.4063495975512,989.8068486851395,13380559,977.4308410644531,959.2608978271485,977.7947407936116,968.0619853744045,0.008654943376115387,9.37172435810826,66.81402581589259,9.592374542318566,1010.2107543945312,1008.829345703125,1028.23681640625
2021-08-26,1010.2107543945312,1016.7554463089577,998.6839861429403,1000.0427614622415,18589616,982.5556030273438,963.6338195800781,983.6886249582464,972.0895660426665,0.012644153623798893,14.74528597037759,66.5121380737111,11.64109384979622,1008.829345703125,1028.23681640625,1022.756591796875
2021-08-27,1008.829345703125,1015.7817181947378,1003.6887734868195,1013.1773788430729,10480636,987.8502075195313,967.577603149414,988.2597053940152,975.5991668761403,-0.00136744603578709,13.125759751775835,77.76428590745599,13.004054987451923,1028.23681640625,1022.756591796875,1026.8101806640625
2021-08-30,1028.23681640625,1030.7732288164937,1013.0867479284576,1019.0652631807153,14027062,993.4935607910156,972.8982513427734,995.5283234640067,980.6259793898026,0.01923761514847544,14.794502972189884,84.46977770186888,15.45615047169008,1022.756591796875,1026.8101806640625,1039.1749267578125
2021-08-31,1022.756591796875,1034.3512267943545,1015.5551545716548,1031.2487577395646,26485463,997.3275146484375,977.1024597167968,1000.4789469242702,984.6483392977618,-0.0053297300018188,12.128426139085759,80.23463425407165,16.76749917619952,1026.8101806640625,1039.1749267578125,1081.79443359375
2021-09-01,1026.8101806640625,1038.495504793424,1024.9532755584123,1029.482446811587,11145486,1001.9857788085938,981.1640014648438,1005.2664670858495,988.672733108916,0.003963395493805422,9.225547281820026,78.6973003617348,17.924057014540153,1039.1749267578125,1081.79443359375,1098.5977783203125
2021-09-02,1039.1749267578125,1045.2440116453542,1021.3299483032399,1021.3299483032399,9956770,1007.5000549316406,985.4814422607421,1011.4316659293563,993.4921961240952,0.01204190056408816,10.96670752600178,82.66428966030958,19.60417128469362,1081.79443359375,1098.5977783203125,1105.52734375
2021-09-03,1081.79443359375,1084.7384068201698,1042.8435137983438,1046.2403322593964,30664428,1018.3814086914062,991.23916015625,1024.2249377680805,1001.9173229948334,0.04101283214069529,24.273613469094066,85.6660229176752,24.071772086622673,1098.5977783203125,1105.52734375,1101.201904296875
2021-09-06,1098.5977783203125,1123.2365131929273,1092.4380047519112,1092.8909697996994,33641710,1030.3044738769531,998.8606384277343,1037.74730817757,1011.1402281572814,0.015532844507936128,34.265733525725764,86.04518169441181,28.628476136857785,1105.52734375,1101.201904296875,1098.5977783203125
2021-09-07,1105.52734375,1113.272195169168,1092.4379602260194,1100.5904921516135,17349882,1041.953515625,1007.0980865478516,1050.0709776761948,1020.1429390636616,0.006307645588253807,35.47518086264233,88.88264702740501,32.42098996432628,1101.201904296875,1098.5977783203125,1074.117431640625
2021-09-08,1101.201904296875,1111.460525484485,1090.01483063056,1110.5547152662286,14301651,1052.3140075683593,1014.8724243164063,1059.3675262482996,1027.87329888245,-0.003912557638287684,27.28850485761333,86.24260170705875,34.67922922986645,1098.5977783203125,1074.117431640625,1072.71337890625
2021-09-09,1098.5977783203125,1104.145971203985,1094.2950296674799,1099.6394421897962,8963249,1061.1527099609375,1021.8541564941406,1066.500309684608,1034.6172184733985,-0.0023648033720258255,9.035806152003312,90.99786973554362,35.84620606501119,1074.117431640625,1072.71337890625,1077.1748046875
2021-09-13,1074.117431640625,1101.9492019199529,1072.5322338327235,1101.9492019199529,16311160,1067.6815185546875,1027.7658630371093,1067.8852425907473,1038.383314383367,-0.022283266144153657,12.343087356200895,77.6573141144163,34.40844797334648,1072.71337890625,1077.1748046875,1099.775390625
2021-09-14,1072.71337890625,1084.2853708994928,1071.6036685532943,1075.6799942004575,8908356,1072.1291748046874,1032.8113677978515,1068.7630864084485,1041.6561236883774,-0.0013071687443247937,15.73733499001513,75.6632703679646,32.77817062691247,1077.1748046875,1099.775390625,1082.7227783203125
2021-09-15,1077.1748046875,1085.078152851648,1072.7362021275617,1072.7362021275617,9071075,1077.57099609375,1037.4492553710938,1070.2924909453295,1045.0419246783567,0.004159010103704341,13.944002735274701,75.03564854623443,31.481549265337208,1099.775390625,1082.7227783203125,1084.4439697265625
2021-09-16,1099.775390625,1103.647816826433,1072.056826477489,1078.646803599393,13448882,1084.8675170898437,1043.4266479492187,1075.6530216395433,1050.2589148536515,0.020981354037571176,13.532023338834051,76.5116167308096,31.902539303502863,1082.7227783203125,1084.4439697265625,1089.1317138671875
2021-09-17,1082.7227783203125,1112.2983612101125,1075.9516645338,1107.8371172912175,34882133,1089.2223022460937,1048.3611785888672,1076.9384326278368,1053.3530075407361,-0.01550554090412637,11.019311916382215,70.01587819093112,30.513218783223692,1084.4439697265625,1089.1317138671875,1100.8170166015625
2021-09-20,1084.4439697265625,1095.3139316833478,1073.415392150155,1074.3664868663025,11779819,1089.487255859375,1053.9343322753907,1078.3030763296983,1056.3160410445657,0.0015896879983630097,10.27926418923319,66.8384956383283,29.213690408406137,1089.1317138671875,1100.8170166015625,1127.7203369140625
2021-09-21,1089.1317138671875,1094.521410709491,1079.756260196694,1089.2675674362638,9915736,1088.5406494140625,1059.4225616455078,1080.2719202183332,1059.4432429599706,0.004322716776051561,8.492699045585827,69.97947469022803,28.235279172058654,1100.8170166015625,1127.7203369140625,1124.4593505859375
2021-09-22,1100.8170166015625,1106.025455452025,1086.210362198153,1090.6263219107966,10995912,1088.0696166992188,1065.0115661621094,1084.0073933746432,1063.3857692978174,0.010729007874432206,8.480133299516593,71.29815819537716,28.07629157004112,1127.7203369140625,1124.4593505859375,1143.368408203125
2021-09-23,1127.7203369140625,1130.9360171926044,1107.6107744419755,1108.4713001643795,15748397,1090.7214599609374,1071.5177337646485,1091.9552031825222,1069.515919420688,0.024439411733982563,18.585654456607937,73.51446921571755,29.77202212298903,1124.4593505859375,1143.368408203125,1154.0574951171875
2021-09-24,1124.4593505859375,1134.7632574948414,1119.6131874834832,1133.9027316972313,15192163,1093.3076171875,1077.2301635742188,1097.8650493157952,1074.750982544371,-0.0028916622511645507,19.91378787177971,64.32477316749089,30.501633531112475,1143.368408203125,1154.0574951171875,1144.90869140625
2021-09-27,1143.368408203125,1145.8368935906276,1121.1075938005931,1126.4067209127213,15373834,1100.23271484375,1083.9571166992187,1106.1383886134668,1081.288636788761,0.016816132666186867,21.81938038927193,64.82218358668706,32.230474063194606,1154.0574951171875,1144.90869140625,1141.01318359375
2021-09-28,1154.0574951171875,1161.689135216267,1138.092065214608,1147.6939414575027,18035258,1108.3671264648438,1090.2481506347656,1114.8509545680738,1088.2215576931937,0.009348768810974128,20.279200363554157,65.67660435599025,34.06839328559795,1144.90869140625,1141.01318359375,1143.0289306640625
2021-09-29,1144.90869140625,1163.9991145771864,1141.3758992926414,1163.9991145771864,9719875,1115.1405151367187,1096.3557556152343,1120.315998212441,1093.6221319675738,-0.0079275111938929,12.443250016890744,63.691861043170476,34.391571310909285,1141.01318359375,1143.0289306640625,1157.7261962890625
2021-09-30,1141.01318359375,1147.9655545554053,1132.453092571002,1143.6175223722971,13590654,1119.2642944335937,1102.0659057617188,1124.0791231556102,1098.1369266396935,-0.0034024615602448183,10.763394759183972,63.18067086313334,33.942538711971565,1143.0289306640625,1157.7261962890625,1181.7532958984375
2021-10-01,1143.0289306640625,1150.320936930379,1130.0302358504632,1133.1779894261922,8958928,1125.2949096679688,1107.2586059570312,1127.5245429485974,1102.413522165694,0.0017666290795725903,5.101700714161256,74.88940208789106,33.364354066262194,1157.7261962890625,1181.7532958984375,1159.4019775390625
2021-10-04,1157.7261962890625,1166.1957202690803,1149.0754144086845,1156.2994941506686,10918552,1132.6231323242187,1111.055194091797,1133.015752967641,1107.6826963306828,0.012858174653953336,7.318940613538428,78.0147566979173,33.70165225334813,1181.7532958984375,1159.4019775390625,1165.0860595703125
2021-10-05,1181.7532958984375,1183.0215020120208,1153.7402689056823,1157.25041807704,13533634,1141.8852905273438,1115.2129699707032,1141.8771248331361,1114.7386147078353,0.020753697796932258,16.994931845511235,80.52596734849203,35.49567624350857,1159.4019775390625,1165.0860595703125,1209.857177734375
2021-10-06,1159.4019775390625,1186.6222902143543,1155.4389825506435,1186.6222902143543,10258881,1147.7437866210937,1117.9067016601562,1145.0634618133615,1118.9931278504255,-0.018913692423749295,16.347242057047076,67.43008319291808,34.716006413493915,1165.0860595703125,1209.857177734375,1201.4326171875
2021-10-07,1165.0860595703125,1177.0204479976474,1162.9573276219362,1175.3219190109808,6336665,1151.4803588867187,1121.1009094238282,1148.7039342492849,1123.3837334262832,0.0049025981854153855,13.989538971903404,75.79066869510041,34.162328965029474,1209.857177734375,1201.4326171875,1208.2943115234375
2021-10-08,1209.857177734375,1215.8130517029124,1169.2077239223584,1170.9061333611987,15772493,1160.0201416015625,1126.6638793945312,1159.8227060830945,1131.6206617792607,0.038427305688108815,21.796343710382345,80.93163569142578,36.90653918558269,1201.4326171875,1208.2943115234375,1220.591064453125
2021-10-11,1201.4326171875,1231.9366542030143,1198.1263679197398,1223.5124154081877,14768666,1165.8265625,1133.029638671875,1167.3881446277524,1138.2704144403006,-0.006963268641883125,22.017710186459034,77.19634114111415,37.96454152726096,1208.2943115234375,1220.591064453125,1223.0594482421875
2021-10-12,1208.2943115234375,1215.1787568517786,1196.269354160262,1197.9678831315707,6682011,1171.250244140625,1139.8086853027344,1174.8256296482116,1144.9402599807242,0.005711260238631111,24.543887157976183,76.65083374096155,38.90756926089989,1220.591064453125,1223.0594482421875,1226.320556640625
2021-10-13,1220.591064453125,1231.7102112927382,1208.9736680853593,1213.3669853963502,9959762,1178.8184814453125,1146.9794982910157,1183.1466179138647,1152.1459811041134,0.010176951767805198,21.245299544677334,74.82735327230897,40.18298639864247,1223.0594482421875,1226.320556640625,1237.3038330078125
2021-10-14,1223.0594482421875,1230.7817769408248,1217.0809330176019,1223.036805981498,8623469,1187.0231079101563,1153.143701171875,1190.4034962405083,1158.9003931714299,0.002022285645822297,9.00025868400051,76.47117813541747,40.92098717159183,1226.320556640625,1237.3038330078125,1223.0594482421875
2021-10-18,1226.320556640625,1243.2596035729455,1205.8033136478314,1208.6567177514992,13594479,1195.3522705078126,1160.3235900878906,1196.9338709213903,1165.3220049938886,0.0026663531385366923,10.594758226795921,74.31294874969052,41.29273384560588,1237.3038330078125,1223.0594482421875,1187.777099609375
2021-10-19,1237.3038330078125,1246.1357531841286,1226.501796349313,1233.6578296621897,8833409,1203.3100341796876,1167.9665832519531,1204.2738640856533,1172.178039147117,0.008956284967835071,10.459740823341136,74.35717020595698,41.988882578059474,1223.0594482421875,1187.777099609375,1189.9964599609375
2021-10-20,1223.0594482421875,1242.2405578545067,1219.0285268378586,1242.2405578545067,12710570,1207.4406494140626,1174.6629699707032,1207.689424863332,1177.0242854007477,-0.01151243888980591,6.603168031265468,72.20415261156164,40.92019277884833,1187.777099609375,1189.9964599609375,1178.40185546875
2021-10-21,1187.777099609375,1235.5599338327822,1179.0357499377028,1235.2882267218629,20831669,1210.2781616210937,1179.0109741210938,1204.069002070853,1178.0484389987987,-0.02884761544790093,18.676041686566663,61.27552438002128,36.80373281967718,1189.9964599609375,1178.40185546875,1205.237060546875
2021-10-22,1189.9964599609375,1206.9809106504802,1182.7950231580921,1186.6448064236538,11027475,1212.7692016601563,1182.1247802734374,1201.5103580398634,1179.1864222162103,0.0018684990241792931,22.55329633316414,61.31351018209448,33.33609669969701,1178.40185546875,1205.237060546875,1189.9964599609375
2021-10-25,1178.40185546875,1213.8201056097269,1163.9990998346134,1213.8201056097269,17198417,1209.6236694335937,1184.8219055175782,1197.308812103057,1179.1116970310975,-0.009743394104355652,25.419276001617163,55.05591279860109,29.31494149547939,1205.237060546875,1189.9964599609375,1176.952392578125
2021-10-26,1205.237060546875,1208.7924943194173,1179.0131308175069,1185.3313994732075,9750178,1210.0041137695312,1187.9153381347655,1198.7503118242655,1181.5999637441978,0.022772541432778404,17.513499657056645,55.66479370420778,27.970029747547187,1189.9964599609375,1176.952392578125,1148.7132568359375
2021-10-27,1189.9964599609375,1212.3706072222662,1186.6221641632774,1201.1382490708493,9896298,1208.1743286132812,1189.7122863769532,1197.15870239082,1182.3996698453905,-0.012645313594175533,9.63365535521511,57.64222099169885,25.382339795772396,1176.952392578125,1148.7132568359375,1149.415283203125
2021-10-28,1176.952392578125,1194.77472717133,1173.283867099268,1186.644837678606,9886181,1203.8104614257813,1191.314471435547,1193.4848278723398,1181.8808581759693,-0.010961433770349749,11.392911224165228,52.85897892139419,22.025568205254558,1148.7132568359375,1149.415283203125,1132.6572265625
2021-10-29,1148.7132568359375,1175.843002928945,1133.0649360229452,1175.843002928945,14233025,1196.3758422851563,1191.6994750976562,1185.3445422165203,1178.7219103218147,-0.023993439259110017,20.781259577146738,33.99335947361526,16.892798838665385,1149.415283203125,1132.6572265625,1124.866943359375
2021-11-01,1149.415283203125,1157.658385383241,1129.622709184733,1148.7132531949067,15481114,1188.6853149414062,1192.0187927246093,1178.8119496602012,1175.9307001064574,0.0006111415211844662,24.920700273570954,35.80878023567777,12.734877302278619,1132.6572265625,1124.866943359375,1131.77392578125
2021-11-02,1132.6572265625,1154.034998237925,1130.143575828135,1152.6762227813829,10569130,1178.220654296875,1190.7653442382812,1170.4201818153965,1171.809279482132,-0.014579636172858734,23.308790693638617,30.42207523430544,7.995749003027868,1124.866943359375,1131.77392578125,1133.1781005859375
2021-11-03,1124.866943359375,1141.3531452072293,1114.6309640383438,1135.0348760961226,11989430,1168.4014038085938,1187.9210266113282,1162.1377748162388,1167.3384459210436,-0.0068778823993977944,20.00221801737374,24.630902359455618,3.5703932885792256,1131.77392578125,1133.1781005859375,1142.1231689453125
2021-11-04,1131.77392578125,1134.514118637374,1127.7656464746356,1129.1016597099565,1705656,1162.8010864257812,1186.5396240234375,1156.617074987794,1163.9512563074757,0.006140266155610918,10.994822950226895,26.363324308247044,0.6133831436886794,1133.1781005859375,1142.1231689453125,1154.8953857421875
2021-11-08,1133.1781005859375,1141.3532756603024,1112.5476437566415,1141.081448693073,20337183,1157.1192504882813,1184.9442260742187,1152.3554432759015,1161.0204071902008,0.0012406848865318398,9.052100674404594,25.64833165781033,-1.5983609345760215,1142.1231689453125,1154.8953857421875,1157.0015869140625
2021-11-09,1142.1231689453125,1145.38413396809,1126.4295651226153,1134.5594552172417,15682497,1153.4913818359375,1181.5575256347656,1150.4950297603689,1159.2206299993643,0.007893788588704487,6.144086419462706,24.847384930624827,-2.5995966911091273,1154.8953857421875,1157.0015869140625,1174.46142578125
2021-11-10,1154.8953857421875,1158.56403111527,1133.9479393972968,1139.8585280650227,10253470,1148.4572143554688,1179.2306640625,1151.2950944846457,1158.8086936469772,0.01118287164130427,11.564452235462428,31.845586045549894,-2.335778285978904,1157.0015869140625,1174.46142578125,1167.5318603515625
2021-11-11,1157.0015869140625,1164.2255472479787,1148.3960890914113,1150.4342522284085,10722478,1145.1577270507812,1176.6660278320312,1152.33263856305,1158.636585095791,0.0018237159814449289,11.807331383047703,40.04402360246387,-1.9344834880075723,1174.46142578125,1167.5318603515625,1140.4022216796875
2021-11-12,1174.46142578125,1177.0204805624614,1158.1110771767962,1160.783343266853,8712341,1144.9086303710938,1174.3595458984375,1156.3560544219472,1160.1437377221,0.015090591979010304,15.72561261178899,45.42544908694461,-0.20549813488560176,1167.5318603515625,1140.4022216796875,1115.98974609375
2021-11-15,1167.5318603515625,1178.583081524526,1163.9990683781703,1177.586582367733,4803269,1146.7904907226562,1171.5831665039063,1158.3880191368535,1160.8473789843158,-0.005900206918314055,12.422880710699422,46.7087234887154,0.5987729889222919,1140.4022216796875,1115.98974609375,1120.201904296875
2021-11-16,1140.4022216796875,1166.2637612012684,1130.0303872332545,1164.927627982119,11337581,1145.8891845703124,1167.2872497558594,1155.1178741440742,1158.900194767326,-0.023236743761070322,13.023700347724082,30.40389319539399,-0.9417501312416334,1115.98974609375,1120.201904296875,1070.584716796875
2021-11-17,1115.98974609375,1131.819202659116,1114.6309708056715,1131.819202659116,10202029,1144.2224365234374,1161.2215454101563,1148.0036690430056,1154.813435279306,-0.021406899356948506,23.44014081976824,28.806750372818414,-4.085109433256093,1120.201904296875,1070.584716796875,1080.5941162109375
2021-11-18,1120.201904296875,1127.3127730233773,1109.6715745881545,1114.1781038166205,8505625,1143.7559326171875,1156.0786682128905,1142.9488027249404,1151.5170624402274,0.003774369986703441,26.669811490115848,32.88253790584476,-6.1653313385070305,1070.584716796875,1080.5941162109375,1064.9912109375
2021-11-22,1070.584716796875,1109.1960026578379,1064.8099816539602,1103.3533407297432,24124307,1137.63701171875,1150.2190490722655,1129.791696191315,1143.8091426618794,-0.044293075480123845,35.67296613153585,29.126299084403556,-11.682409781274373,1080.5941162109375,1064.9912109375,1129.1016845703125
2021-11-23,1080.5941162109375,1087.5691305828452,1045.7874503355001,1056.6800550508478,25326999,1132.37861328125,1144.7489318847656,1120.8466816487328,1137.788609299205,0.009349469740246308,29.084837184092407,32.48408514022786,-15.073392422309553,1064.9912109375,1129.1016845703125,1092.709716796875
2021-11-24,1064.9912109375,1091.4868494573443,1061.4357769402945,1077.9446209027212,16820296,1124.6654174804687,1139.0783996582031,1110.691141518772,1130.855466797474,-0.014439191403473939,25.87165344170838,32.6762223713999,-18.80289569769525,1129.1016845703125,1092.709716796875,1105.799072265625
2021-11-25,1129.1016845703125,1133.2006528139436,1067.5954770563671,1074.7742721480843,42401936,1122.0860473632813,1135.271630859375,1114.0385129828626,1130.6884386775084,0.06019812461773921,29.51302042740683,50.84150108404726,-16.396899933609575,1092.709716796875,1105.799072265625,1089.44873046875
2021-11-26,1092.709716796875,1122.1493269988055,1087.6822964764374,1117.7107252384765,15763138,1115.6568603515625,1130.407293701172,1110.1605500397907,1127.0713932275407,-0.03223090379790439,25.486558085016746,43.05162676014136,-17.227779672885845,1105.799072265625,1089.44873046875,1117.3485107421875
2021-11-29,1105.799072265625,1132.2948314861248,1086.5953193762673,1104.7121238946838,24325354,1108.790625,1126.849627685547,1109.3675540808238,1125.0454455740253,0.011978803947236383,24.455041051178075,45.32443507942179,-16.638351649630522,1089.44873046875,1117.3485107421875,1124.5272216796875
2021-11-30,1089.44873046875,1121.3794713466475,1081.9529437331894,1117.8013949441001,32172299,1100.9823120117187,1123.8864013671875,1105.7459497876162,1121.65526357228,-0.014785997028714748,23.485062238811558,41.22659236568834,-17.291127525300453,1117.3485107421875,1124.5272216796875,1090.7396240234375
2021-12-01,1117.3485107421875,1120.5189065172979,1098.3711810133602,1101.9492572911422,10104610,1098.6769409179688,1122.2830627441406,1107.8555063248602,1121.2450945936462,0.025609080531429074,16.652383152966458,44.046251188488924,-15.38005803865508,1124.5272216796875,1090.7396240234375,1070.0638427734375
2021-12-02,1124.5272216796875,1130.5736640269113,1114.9027029403865,1118.571348380323,12720411,1099.5306884765625,1121.8765625,1110.886727298523,1121.557679533926,0.006424773352704083,15.187639718875053,44.932117076991894,-13.134889880219589,1090.7396240234375,1070.0638427734375,1078.782470703125
2021-12-03,1090.7396240234375,1131.6154976946157,1087.0030516324528,1131.5702131686844,19222481,1096.5844604492188,1120.1701965332031,1107.2236176120869,1118.6226146642955,-0.030046046911858637,15.636474918377054,37.56809597367772,-13.921297051829697,1070.0638427734375,1078.782470703125,1095.20068359375
2021-12-06,1070.0638427734375,1098.3259382907745,1067.595476803198,1094.2497321105475,10332254,1096.532373046875,1117.0846923828126,1100.4672949140643,1113.997952666659,-0.01895574415251622,22.267795644928583,36.0945820178946,-16.028027082701783,1078.782470703125,1095.20068359375,1112.5701904296875
2021-12-07,1078.782470703125,1088.814549469748,1068.8862454989733,1076.2008936152106,11235122,1096.3512084960937,1114.3649108886718,1096.5245996029432,1110.644086050574,0.008147764255906687,23.800909195153412,40.72150338448259,-16.800477149224434,1095.20068359375,1112.5701904296875,1113.7025146484375
2021-12-08,1095.20068359375,1101.4056210006474,1089.8562718344901,1097.9182338918165,8744178,1099.3721557617187,1112.0187866210938,1096.2838876012697,1109.173281376295,0.015219206222292447,20.77051386884452,46.79243008678881,-15.904566799736585,1112.5701904296875,1113.7025146484375,1091.3736572265625
2021-12-09,1112.5701904296875,1120.9265028973477,1098.3259314492311,1102.8551026436394,13213547,1097.7190063476562,1109.9025268554688,1099.2450335700937,1109.4967974079009,0.015859656678574918,16.27032336029822,48.86843643721912,-13.63585922922016,1113.7025146484375,1091.3736572265625,1078.012451171875
2021-12-10,1113.7025146484375,1116.8955527047663,1100.7489847314073,1105.2328712872275,8364414,1099.8182861328125,1107.7375732421874,1101.8736664934438,1109.8973428968677,0.0010177553097237002,19.614886412762463,57.4666736001982,-11.61266351810923,1091.3736572265625,1078.012451171875,1074.8648681640625
2021-12-13,1091.3736572265625,1120.5642045309762,1088.8146024741634,1120.2924973928066,12901733,1098.3757446289062,1103.583184814453,1099.9645738994566,1108.1331784122758,-0.020049211641515963,14.8272247381333,51.79029761117946,-11.676345261867482,1078.012451171875,1074.8648681640625,1088.7691650390625
2021-12-14,1078.012451171875,1089.7204159270498,1074.9552669933066,1077.9445243946013,12991523,1097.2321166992188,1099.1072143554688,1095.973278858063,1105.2645319194655,-0.0122425586930891,15.082758098645739,52.17882946589572,-12.658983528586987,1074.8648681640625,1088.7691650390625,1060.0318603515625
2021-12-15,1074.8648681640625,1089.2676234327396,1069.38448219365,1079.7563157042177,9366969,1092.9837524414063,1095.8303466796874,1092.1353860045963,1102.369320548342,-0.002919802089846768,18.450195607693384,38.59851801365792,-13.535673899009453,1088.7691650390625,1060.0318603515625,1031.4527587890625
2021-12-16,1088.7691650390625,1094.023007574745,1072.8038571070083,1089.5844061394005,9761279,1089.4079467773438,1094.4693176269532,1091.5233458290431,1101.0740654977421,0.012935855740405122,15.295721915974696,49.08513377095158,-12.959148001844142,1060.0318603515625,1031.4527587890625,1046.806396484375
2021-12-17,1060.0318603515625,1090.6264710688479,1050.7696168986836,1086.1199416955528,21049821,1086.3371704101562,1091.4608154296875,1085.797621196762,1097.1652781987364,-0.026394304330311313,12.506497602785634,40.09411155469012,-14.65213463899022,1031.4527587890625,1046.806396484375,1071.64892578125
2021-12-20,1031.4527587890625,1049.7958677716224,1017.7519129116022,1049.7958677716224,14325846,1082.4760620117188,1089.504217529297,1075.916737122618,1090.9069345330563,-0.026960606215195915,22.18383167761944,38.07839254285704,-18.091320785697917,1046.806396484375,1071.64892578125,1071.26416015625
2021-12-21,1046.806396484375,1062.5452825090044,1038.1783778851348,1046.851681002988,12836561,1079.2784545898437,1087.8148315429687,1070.6239479156573,1086.7068781389783,0.014885449250567673,22.5660429049192,34.71080808642024,-19.354909898185042,1071.64892578125,1071.26416015625,1074.6837158203125
2021-12-22,1071.64892578125,1074.275907104783,1051.6753379399179,1052.9887088013688,17658543,1076.9232788085938,1088.1477172851562,1070.8103075275835,1085.2727858468506,0.023731732419965068,22.09098355230565,39.35435924733735,-18.142639677313582,1071.26416015625,1074.6837158203125,1073.5286865234375
2021-12-23,1071.26416015625,1077.944705915956,1068.0031950967277,1075.2271551661324,9072401,1072.79267578125,1085.255841064453,1070.8928261873411,1083.93862967968,-0.0003590407415557939,17.182394956998365,45.469847538277286,-17.016793962984593,1074.6837158203125,1073.5286865234375,1086.2783203125
2021-12-24,1074.6837158203125,1083.3796623765666,1058.718285237532,1073.4155095265614,7886494,1068.8907958984375,1084.354541015625,1071.582078847882,1083.057208511454,0.003192075112046888,19.129635531238034,51.168419635723275,-15.668017767208994,1073.5286865234375,1086.2783203125,1088.1353759765625
2021-12-27,1073.5286865234375,1077.0388360812635,1063.4966072069749,1069.588333994207,4017223,1067.106298828125,1082.7410217285155,1071.936007516165,1082.1497294810517,-0.0010747620717350692,11.699585917638782,48.61839896197748,-14.524868372480796,1086.2783203125,1088.1353759765625,1068.4786376953125
2021-12-28,1086.2783203125,1089.1996512774408,1074.7968966086662,1075.9517717574063,6374613,1067.9328857421874,1082.582501220703,1074.5437007518638,1082.542928900238,0.011876379224062816,6.194672039475507,47.60750076594541,-12.446666158953803,1088.1353759765625,1068.4786376953125,1072.57763671875
2021-12-29,1088.1353759765625,1095.6085205634522,1078.8957755234705,1082.926817028114,15425312,1069.2599365234375,1081.121844482422,1077.0149144290826,1083.075543265838,0.0017095578815642387,7.819711216858463,42.85334814766153,-10.528463945958492,1068.4786376953125,1072.57763671875,1088.74658203125
2021-12-30,1068.4786376953125,1089.2449463146104,1062.3642685656102,1087.0030029803643,29333171,1067.2308837890625,1078.3194152832032,1075.462864113851,1081.685360936722,-0.018064607322970994,8.553640599402122,38.06614877741113,-10.473651176828753,1072.57763671875,1088.74658203125,1113.317626953125
2021-12-31,1072.57763671875,1079.7110276415224,1068.8863489128844,1074.7742955921874,9477290,1068.4854614257813,1077.4113159179688,1074.9382773147418,1080.8179581525421,0.0038362947829064797,8.819111403782653,44.512028650063904,-9.984367574493945,1088.74658203125,1113.317626953125,1118.5260009765625
2022-01-03,1088.74658203125,1090.6036067166367,1070.4940456132024,1071.150790940942,5421611,1074.21484375,1078.3454528808593,1077.4488781722891,1081.5730655648654,0.015074848438910493,9.570550507914138,53.08354256378607,-8.197430236830087,1113.317626953125,1118.5260009765625,1094.4761962890625
2022-01-04,1113.317626953125,1114.6311178916164,1088.8147434123907,1094.2045607530267,10847728,1080.865966796875,1080.0722106933595,1083.970468859715,1084.5963584886304,0.02256819477314309,17.64368741418438,59.835539893877765,-4.74393078009939,1118.5260009765625,1094.4761962890625,1103.3079833984375
2022-01-05,1118.5260009765625,1121.8776545605729,1101.9265882823174,1115.0838981501056,11643813,1085.5536743164062,1081.2384765625,1090.2532928809612,1087.8277543293445,0.00467824625905866,22.905213233772734,57.9656289294201,-1.5686578810805258,1094.4761962890625,1103.3079833984375,1104.2138671875
2022-01-06,1094.4761962890625,1111.4606489189575,1091.0792578429503,1110.1924425923644,14447422,1087.8748779296875,1080.3337768554688,1091.0210935006162,1088.460939511562,-0.02150133717633973,18.702779180911783,59.45778173442272,-0.9815151235377471,1103.3079833984375,1104.2138671875,1112.16259765625
2022-01-07,1103.3079833984375,1113.294777565113,1092.2341211399646,1101.0207557139988,13112115,1090.7373046875,1079.8140502929687,1093.2550734820384,1089.8749441633954,0.008069419087706198,12.461368689236917,72.13001351926458,0.19420550295717476,1104.2138671875,1112.16259765625,1141.851318359375
2022-01-10,1104.2138671875,1112.8193642531028,1094.2723568788356,1110.5547786779957,9246731,1093.8058227539063,1080.4560607910157,1095.2475814284862,1091.2405562925237,0.0008210615736434779,9.363919417158584,69.40750975158427,1.1854044459096258,1112.16259765625,1141.851318359375,1148.2828369140625
2022-01-11,1112.16259765625,1120.9491128479206,1102.8550708538112,1103.3080358803265,16205164,1096.3942504882812,1082.1635681152343,1098.3230389244434,1093.2331322051195,0.0071985425151341875,9.174284349418457,65.46248429935036,2.5825573057952624,1141.851318359375,1148.2828369140625,1149.9586181640625
2022-01-12,1141.851318359375,1143.595131948247,1116.4426269818646,1119.2960312179016,14800442,1101.7658447265626,1085.512890625,1106.2372715489769,1097.863436793431,0.026694586534100617,18.242844289396274,72.01578969009992,6.016074459214451,1148.2828369140625,1149.9586181640625,1155.959716796875
2022-01-13,1148.2828369140625,1150.8645340891296,1136.0993826537385,1141.9194026287705,11856712,1109.7462646484375,1088.48857421875,1113.8819197971745,1102.6652854983458,0.005632535910129244,21.490511079598367,72.53186998481243,9.150644362940056,1149.9586181640625,1155.959716796875,1142.16845703125
2022-01-14,1149.9586181640625,1162.7761757448827,1144.0027445379585,1148.1469975068374,19930176,1117.4843627929688,1092.984912109375,1120.4413195002453,1107.1694133306783,0.0014593802120246302,21.492962048709742,73.32413451924523,11.635902473437227,1155.959716796875,1142.16845703125,1142.077880859375
2022-01-17,1155.959716796875,1161.7344520199854,1149.0527486713804,1149.5057137125311,8036453,1124.2056762695313,1099.2102600097655,1126.8992099178147,1111.8161097499506,0.005218534422041454,17.22892073248102,72.17818073878833,13.929156039959707,1142.16845703125,1142.077880859375,1122.08154296875
2022-01-18,1142.16845703125,1160.5342073047743,1139.4282640408564,1157.0921041700744,6215029,1127.0907592773438,1103.9783630371094,1129.675436665712,1114.706809970048,-0.01193057125194652,5.883312139152968,65.98340558813823,14.46697633953545,1142.077880859375,1122.08154296875,1122.2626953125
2022-01-19,1142.077880859375,1151.3173615953267,1136.3710722869748,1145.882379974198,9755485,1129.445947265625,1107.4998107910155,1131.9304265191054,1117.313579017005,-7.930193774607908e-05,5.828156154513819,74.62130338444149,14.71625411116679,1122.08154296875,1122.2626953125,1076.99365234375
2022-01-20,1122.08154296875,1136.8014098425185,1111.913489734347,1132.3175229917704,16494486,1132.2064819335938,1110.0406799316406,1130.1397204190407,1117.7676708835306,-0.017508734058992892,12.78655126229718,64.96853748778261,13.148708758797738,1122.2626953125,1076.99365234375,1074.887451171875
2022-01-21,1122.2626953125,1133.3139167394952,1110.5548482538704,1110.5548482538704,13338594,1134.101953125,1112.41962890625,1128.7075340360332,1118.1957685007353,0.00016144311871557626,14.591750627377351,61.2190027262564,11.785182897134291,1076.99365234375,1074.887451171875,1058.96728515625
2022-01-24,1076.99365234375,1134.4463001586594,1066.6671028591084,1120.9718770080574,21868937,1131.379931640625,1112.5928771972656,1119.3050100919816,1114.2717570024336,-0.04033729639043615,26.606555295182403,39.320879635145786,6.971398640229154,1074.887451171875,1058.96728515625,1057.9482421875
2022-01-25,1074.887451171875,1081.8623458947789,1043.9757327083191,1064.1532222498897,24510205,1127.6524169921875,1112.0233337402344,1111.2290902883258,1110.5208703560165,-0.0019556300701415452,30.084360422103327,36.9320537124918,2.952453850281472,1058.96728515625,1057.9482421875,1080.9339599609375
2022-01-27,1058.96728515625,1067.1198169153088,1046.7159051568356,1058.0161903944513,20020431,1119.364013671875,1110.5649291992188,1101.7269439006755,1105.6110046525955,-0.014811007420607925,29.263022037886397,38.82230520526005,-1.4999183526006163,1057.9482421875,1080.9339599609375,1077.3558349609375
2022-01-28,1057.9482421875,1076.087568078922,1054.5740661673967,1071.1508364816766,14667727,1110.3305541992188,1110.0384094238282,1093.7671799528255,1101.0716935683135,-0.0009622988198352278,26.143735786259008,34.98275542939264,-5.052441814084659,1080.9339599609375,1077.3558349609375,1079.552490234375
2022-01-31,1080.9339599609375,1089.9017336429354,1067.1651879580827,1068.9769283849403,12143683,1103.4280883789063,1110.4562255859375,1091.4338672270276,1099.1538140344271,0.02172669404498495,10.715654196355866,43.27579775174726,-5.9445671986368325,1077.3558349609375,1079.552490234375,1065.6025390625
2022-02-01,1077.3558349609375,1096.333045361315,1063.0436492942567,1090.6263567842825,13200509,1095.5677001953125,1109.8866882324219,1088.8742249968293,1097.0778158876667,-0.0033102161024983756,10.77625757359559,39.68595250583277,-6.861215083589741,1079.552490234375,1065.6025390625,1055.8875732421875
2022-02-02,1079.552490234375,1090.1733881906252,1075.725349000261,1090.1733881906252,10017691,1089.306103515625,1108.1984313964845,1087.1793641309287,1095.408737152355,0.002038931987143444,11.482031237061058,27.9461739235649,-7.325964660673435,1065.6025390625,1055.8875732421875,1049.4561767578125
2022-02-03,1065.6025390625,1087.6596951339798,1063.0888887078768,1083.3795890325775,9572839,1081.6585693359375,1105.5522583007812,1083.256305027578,1092.5700514635482,-0.012921975816892806,10.044052901074208,22.21037852510686,-8.719411789064452,1055.8875732421875,1049.4561767578125,1067.09716796875
2022-02-04,1055.8875732421875,1063.6551874088461,1051.2678326966015,1060.2808911532845,11061241,1075.0391723632813,1103.6228271484374,1078.2801719756887,1089.076481934939,-0.009116875630626353,10.793393596263359,20.00291162063607,-10.486758567933975,1049.4561767578125,1067.09716796875,1079.5299072265625
2022-02-07,1049.4561767578125,1067.4370085401163,1043.9757907846413,1060.7338205814565,10714467,1067.7585205078126,1100.9302368164062,1073.0394455724386,1085.3031193668912,-0.006090986055103276,13.113177349655,16.13141899314691,-12.264969475181715,1067.09716796875,1079.5299072265625,1078.4202880859375
2022-02-08,1067.09716796875,1068.8862659765236,1046.240291320876,1055.5931024543218,12060849,1066.7688720703125,1099.0744018554688,1071.959031462677,1083.5692191629637,0.01680965018037961,11.513241310060625,26.69756056897323,-12.111127007152163,1079.5299072265625,1078.4202880859375,1076.314208984375
2022-02-09,1079.5299072265625,1081.2056742872649,1067.9805561051007,1073.9363098694528,11486225,1067.2331176757812,1097.4427673339844,1073.335554328838,1083.184522773862,0.011650990772919645,11.50538080133523,31.966590576183037,-10.860792885554929,1078.4202880859375,1076.314208984375,1059.1712646484375
2022-02-10,1078.4202880859375,1085.0554293647551,1071.1962083846827,1085.0554293647551,12464491,1069.17841796875,1094.2712158203126,1074.2600513755835,1082.7307861217566,-0.0010278725334027516,13.364639835493346,35.873414341877336,-9.84593312834295,1076.314208984375,1059.1712646484375,1095.1328125
2022-02-11,1076.314208984375,1079.982854527415,1061.6849113374171,1074.887506839841,15943370,1071.0150146484375,1090.672784423828,1074.633534577182,1082.1196835187707,-0.0019529297851957894,12.569118732137186,35.316284447690066,-9.106616759224607,1059.1712646484375,1095.1328125,1092.8682861328125
2022-02-14,1059.1712646484375,1066.599124811997,1047.5991516117767,1059.9412213800138,10719633,1068.8387451171875,1086.1334167480468,1071.8222127719557,1079.9341197570573,-0.01592745333364487,8.733404701483845,43.05628083632244,-9.791127548156283,1095.1328125,1092.8682861328125,1106.704833984375
2022-02-15,1095.1328125,1097.8277206759533,1057.8803043046898,1064.9004831978962,11212671,1070.6164428710938,1083.0920715332031,1076.0605036316,1081.3816143398237,0.033952533505994476,12.776969902624325,56.24125058329445,-7.347121646700316,1092.8682861328125,1106.704833984375,1098.0543212890625
2022-02-16,1092.8682861328125,1101.9492706042658,1085.16871921443,1100.5904953127101,10392840,1071.9480224609374,1080.6270629882813,1079.116464086366,1082.4755831065063,-0.0020678098047468563,14.523983100063578,61.41184244156566,-5.529220098198266,1106.704833984375,1098.0543212890625,1086.957763671875
2022-02-17,1106.704833984375,1111.8681080705421,1091.5321231787168,1096.1065786813085,12853252,1076.058251953125,1078.8584106445312,1084.1325313405496,1084.7831308559041,0.012660764363950916,18.52606292345256,65.10878397087595,-2.93815825695242,1098.0543212890625,1086.957763671875,1082.0208740234375
2022-02-18,1098.0543212890625,1112.5476464311962,1096.129369451274,1107.1126644779383,6775458,1080.2749267578124,1077.657049560547,1086.6637658766429,1086.047053777465,-0.007816458760886436,18.221972793608725,55.82259457305125,-1.5647094566886608,1086.957763671875,1082.0208740234375,1075.249755859375
2022-02-21,1086.957763671875,1103.9875007758346,1080.0281530233087,1092.4380298945582,11107193,1084.0250854492188,1075.8918029785157,1086.7172200212306,1086.1337880545614,-0.010105654521864293,7.2649756966940915,53.106715820754516,-1.356008770151675,1082.0208740234375,1075.249755859375,1021.6694946289062
2022-02-22,1082.0208740234375,1085.146105195485,1063.066305633856,1065.6705251768456,13494914,1085.5174560546875,1076.1431640625,1085.8633389307226,1085.7420819504823,-0.004541933287048883,9.61665112985286,50.78473361124931,-1.5708693471283368,1075.249755859375,1021.6694946289062,1034.4420166015625
2022-02-23,1075.249755859375,1089.9696221846223,1072.5096827529123,1087.5012562225045,7310110,1085.0894409179687,1076.161279296875,1083.9335965541138,1084.742812785384,-0.006257844304689342,12.5917623253453,53.213672850299695,-2.2614514877955116,1021.6694946289062,1034.4420166015625,1068.6824951171875
2022-02-24,1021.6694946289062,1059.7826496121124,1016.0760175444686,1043.9757157841186,24846650,1079.4143615722655,1074.2963897705079,1072.6128507495307,1078.7358300300414,-0.04983052629260598,29.76397554176461,41.1791675490714,-7.05093993149444,1034.4420166015625,1068.6824951171875,1086.346435546875
2022-02-25,1034.4420166015625,1045.3119804850721,1030.954508957098,1032.698202879161,14570089,1075.2271423339844,1073.121078491211,1065.6726990862637,1074.5173715614073,0.012501618223704991,29.860550978929414,46.252135285861684,-9.704145588231086,1068.6824951171875,1086.346435546875,1077.1748046875
2022-02-28,1068.6824951171875,1072.2152872381166,1015.894992677199,1015.894992677199,21297446,1076.1782653808593,1072.5085052490235,1066.2199347282499,1073.9616690373234,0.033100432857623874,26.69720196329479,50.36544721486843,-8.940846997591962,1086.346435546875,1077.1748046875,1053.283203125
2022-03-02,1086.346435546875,1087.4561461649769,1054.936581459969,1057.3143787554548,21471786,1075.299627685547,1072.9580352783203,1069.8792985134544,1075.1411706203903,0.016528707553828292,27.782495636726313,51.53433114361676,-6.83184262932582,1077.1748046875,1053.283203125,1014.3324584960938
2022-03-03,1077.1748046875,1093.728935330815,1073.4382321141,1087.0031046986949,10186748,1073.7302795410155,1072.8391510009765,1071.2057541814627,1075.334850056947,-0.008442639069145552,28.105274275702712,49.729472754250004,-5.833272684256372,1053.283203125,1014.3324584960938,1012.4979248046875
2022-03-04,1053.283203125,1070.8337101992126,1050.9280486616494,1065.7157207883167,10805667,1068.388116455078,1072.2231842041015,1067.9471085348332,1073.234693190648,-0.022179874110062614,20.514552938664263,45.430012852256226,-6.8903230229495875,1014.3324584960938,1012.4979248046875,1066.214111328125
2022-03-07,1014.3324584960938,1047.1916548725635,1006.3837060047663,1032.0641066685334,17983310,1060.0159301757812,1070.1454284667968,1058.1989903459714,1067.62495651528,-0.03698031499348209,28.262729376865366,41.811426700108804,-10.74715456038075,1012.4979248046875,1066.214111328125,1083.492919921875
2022-03-08,1012.4979248046875,1017.2536381523959,987.361002125067,1001.6279025675499,21289374,1052.5699462890625,1068.2975158691406,1049.8897057021015,1062.3747629870325,-0.0018086118373124016,34.42669343723496,32.760109203335176,-13.7927584509805,1066.214111328125,1083.492919921875,1086.6180419921875
2022-03-09,1066.214111328125,1072.0567736389658,1011.8865764630572,1012.724579802494,20414228,1050.9892700195312,1068.2533630371095,1052.8577794522878,1062.7404152120102,0.0530531324632586,29.79220755599876,45.42203084365075,-11.736682748163275,1083.492919921875,1086.6180419921875,1095.5404052734375
2022-03-10,1083.492919921875,1089.2676554769666,1068.8863838594104,1087.0030697416826,17980493,1051.8135864257813,1068.451513671875,1058.4278049922127,1064.7168442418588,0.01620575868408536,31.593473141237332,46.05984415257184,-8.613679886592081,1086.6180419921875,1095.5404052734375,1070.4488525390625
2022-03-11,1086.6180419921875,1091.9852168591085,1076.1556390217638,1076.1556390217638,12257423,1058.3084411621094,1068.8614013671875,1063.5533026285718,1066.802672608449,0.00288430317619226,36.63850448610227,48.02161304232691,-5.81942378578492,1095.5404052734375,1070.4488525390625,1088.520263671875
2022-03-14,1095.5404052734375,1098.0541754406872,1075.2270625884603,1081.0697243173254,8340678,1064.418280029297,1069.8227111816407,1069.369139473093,1069.5395995401027,0.008211131176224518,33.260328732519305,51.495983277771295,-2.852118342679205,1070.4488525390625,1088.520263671875,1124.0064697265625
2022-03-15,1070.4488525390625,1099.6620420875429,1060.2128731362302,1099.6620420875429,15925769,1064.5949157714845,1070.3865905761718,1069.5654509396327,1069.6261950641333,-0.02290335674850108,12.017768970377285,48.11537264123373,-2.496408357131486,1088.520263671875,1124.0064697265625,1117.529541015625
2022-03-16,1088.520263671875,1090.5810688907009,1076.6311594559988,1078.8504605069668,11149828,1064.8122985839843,1070.0559631347655,1073.011780527313,1071.4256301756488,0.016882087443923943,9.220748827481197,52.084518168971144,-0.7476754551312297,1124.0064697265625,1117.529541015625,1146.4033203125
2022-03-17,1124.0064697265625,1131.1172183134404,1093.8420644373464,1101.8361008572806,21422098,1069.4954650878906,1071.6128723144532,1082.2835421999039,1076.433329195646,0.03260040923352481,19.603589647470216,67.04382834931671,3.461742660216487,1117.529541015625,1146.4033203125,1150.0491943359375
2022-03-21,1117.529541015625,1125.047969025694,1104.6667012659022,1106.9312865725458,11999466,1075.920098876953,1072.1541076660155,1088.6919056209442,1080.347254141594,-0.005762358923532829,21.825503896950206,64.13430489595297,6.203591796444925,1146.4033203125,1150.0491943359375,1167.916748046875
2022-03-22,1146.4033203125,1148.1243719419283,1111.2795389519592,1114.2233926126817,22557065,1089.1271850585938,1074.5715576171874,1099.184890110318,1086.638308078211,0.025837150819864707,30.007656149815702,63.46725520032862,10.58438889480908,1150.0491943359375,1167.916748046875,1175.70703125
2022-03-23,1150.0491943359375,1161.666592238369,1142.7120228084564,1142.7120228084564,15462187,1102.8823120117188,1077.7261291503905,1108.432945424067,1092.6774401162866,0.0031802716887139315,24.862999571667785,61.601863935384756,14.1868563970379,1167.916748046875,1175.70703125,1187.5283203125
2022-03-24,1167.916748046875,1170.4078760728964,1136.8240104486479,1136.8240104486479,13168266,1113.0525756835937,1082.0209228515625,1119.2481822645775,1099.8430885051532,0.01553633861832715,20.463832278193486,66.01897560685481,18.27296050293944,1175.70703125,1187.5283203125,1187.7999267578125
2022-03-25,1175.70703125,1184.833300668766,1167.169460657995,1169.660588741769,14222488,1122.2739868164062,1087.0437866210937,1129.5134275346543,1107.068225922675,0.006670238453342581,22.569674359005628,72.9145379602804,21.88753222179662,1187.5283203125,1187.7999267578125,1210.626953125
2022-03-28,1187.5283203125,1191.060992805179,1171.4723190412603,1182.1158606493575,9891424,1132.3650146484374,1095.3367279052734,1140.061589857899,1114.7310920677544,0.010054621388061014,17.31097510091265,86.08218675033842,25.413039710716703,1187.7999267578125,1210.626953125,1193.3253173828125
2022-03-29,1187.7999267578125,1194.7974641560254,1180.9382429362058,1194.7974641560254,8684065,1141.590966796875,1103.004623413086,1148.741287476065,1121.69002871535,0.00022871576253535864,15.706805204696996,86.76035124292733,27.907248757635216,1210.626953125,1193.3253173828125,1202.8822021484375
2022-03-30,1210.626953125,1217.4433519238278,1185.3314742474283,1195.6580225208536,15811550,1155.6087768554687,1110.1018463134765,1159.9932266849623,1130.1602120039647,0.019217905181637462,16.163044845937314,84.78992476391679,31.364328920516073,1193.3253173828125,1202.8822021484375,1206.4375
2022-03-31,1193.3253173828125,1209.1548925411073,1190.5399600350615,1207.0035184657995,13223718,1166.0892822265625,1115.4507904052734,1166.0536068118442,1136.1759363331528,-0.01429146748924326,12.716055605924687,76.45637733873978,32.33525196127425,1202.8822021484375,1206.4375,1189.385009765625
2022-04-01,1202.8822021484375,1207.094382288788,1187.550992560808,1193.8917852362479,7922880,1173.97685546875,1121.7361602783203,1172.7497150548613,1142.5289140369105,0.008008616448853312,10.081436874490038,77.16396558372368,33.489826224721355,1206.4375,1189.385009765625,1186.2147216796875
2022-04-04,1206.4375,1211.555489970758,1196.45070474843,1202.7009276541294,7929162,1182.8676513671876,1129.3938751220703,1178.8747668630683,1148.6154460395182,0.002955649227507351,9.431914037982548,76.57652281212317,34.29637022283168,1189.385009765625,1186.2147216796875,1165.2899169921875
2022-04-05,1189.385009765625,1209.2455069018179,1186.9619284827404,1200.7305793203723,13149870,1187.1658203125,1138.146502685547,1180.7857201180786,1152.498261636015,-0.014134582383567351,8.923257852284799,79.64536016225877,33.17712361003623,1186.2147216796875,1165.2899169921875,1184.6748046875
2022-04-06,1186.2147216796875,1193.2122590361132,1171.744039651222,1171.744039651222,12257215,1190.782373046875,1146.832342529297,1181.7728113110984,1155.70935307139,-0.0026654851540143243,8.694159354771635,76.30478211395902,31.669233659791416,1165.2899169921875,1184.6748046875,1182.206298828125
2022-04-07,1165.2899169921875,1180.3041331292436,1162.6402930619627,1175.3672812713683,15496499,1190.5196899414063,1151.7861328125,1178.7759214349328,1156.6217877311935,-0.017639980608123218,16.28978606453474,62.06160873758153,28.457720407697934,1184.6748046875,1182.206298828125,1159.9454345703125
2022-04-08,1184.6748046875,1188.9096265891387,1159.4698932414146,1159.4698932414146,15152495,1191.4164672851562,1156.8452270507812,1179.8484456626722,1159.2935036335953,0.016635248801730063,14.654844935267418,68.24166305185562,27.163645718985435,1182.206298828125,1159.9454345703125,1155.68798828125
2022-04-11,1182.206298828125,1195.0464967892808,1169.886872844364,1177.5864392090166,9254209,1190.8842651367188,1161.6246398925782,1180.2771462382093,1161.4756746058338,-0.0020836991295903884,9.456906895960465,61.35604402752417,25.643294488034826,1159.9454345703125,1155.68798828125,1152.1552734375
2022-04-12,1159.9454345703125,1178.7641486995603,1157.3863798447205,1171.698565177911,13217742,1188.0988159179688,1164.8448913574218,1176.5804713895009,1161.3299374595133,-0.01882993203460248,12.145049150490976,52.80738959517074,22.384109523653706,1155.68798828125,1152.1552734375,1196.065673828125
2022-04-13,1155.68798828125,1174.2349955581562,1152.9025109003892,1166.0371790472568,10354235,1182.6049194335938,1169.1068481445313,1172.7818380970916,1160.792608966077,-0.0036703849699961655,13.148121322676893,46.240620126180794,19.235902139622567,1152.1552734375,1196.065673828125,1231.234619140625
2022-04-18,1152.1552734375,1159.3793533809223,1142.1684779905993,1147.2411835351893,9974224,1178.4879150390625,1172.2885986328124,1169.0315536135295,1159.9700055820315,-0.0030568067502405594,15.343588625220619,42.56506378439702,16.268333339382934,1196.065673828125,1231.234619140625,1260.0628662109375
2022-04-19,1196.065673828125,1208.385101413979,1155.4163428280708,1158.564096562945,26141820,1177.8062622070313,1175.8915588378907,1173.9468481980014,1163.4076882735408,0.03811153010619539,19.03727691183741,52.24107102802541,17.26074470305616,1231.234619140625,1260.0628662109375,1249.5098876953125
2022-04-20,1231.234619140625,1238.2775602010167,1199.8247720277507,1203.4481327307994,25072240,1180.2859741210937,1181.5768127441406,1184.3628065512057,1169.8673959775565,0.02940385806737389,34.08392867049395,59.636213750149636,20.64707109367714,1260.0628662109375,1249.5098876953125,1220.6138916015625
2022-04-21,1260.0628662109375,1263.1879773228495,1237.3716076586059,1245.9318196263494,21708633,1187.353759765625,1187.2597900390624,1198.126453762066,1178.4574407645619,0.02341409721766441,47.0284616350621,60.68314471109432,25.36457066923822,1249.5098876953125,1220.6138916015625,1257.1416015625
2022-04-22,1249.5098876953125,1269.075915209395,1242.8972695502077,1249.5551722154648,15054154,1193.6832763671875,1192.2328247070313,1207.4688962953835,1185.2243404743008,-0.008374961915478263,44.0277376453453,62.50631750217105,27.929729398056224,1220.6138916015625,1257.1416015625,1258.364501953125
2022-04-25,1220.6138916015625,1249.3288344946673,1206.41491600151,1242.0822318802027,17063215,1199.215673828125,1194.8676818847657,1209.8588954419615,1188.5947739159153,-0.02312586429151664,25.07171015895655,53.634081074698074,27.316088014550587,1257.1416015625,1258.364501953125,1277.1605224609375
2022-04-26,1257.1416015625,1265.9055943331985,1226.3658564890222,1227.4075203143414,12227666,1206.462353515625,1198.9394104003907,1218.4557511002413,1195.1230432172076,0.02992568756776115,17.106491229616513,59.15447078498251,29.437911680645584,1258.364501953125,1277.1605224609375,1263.7542724609375
2022-04-27,1258.364501953125,1280.8518611647926,1247.8114113086813,1248.1738072854712,19338945,1214.078173828125,1202.481219482422,1225.7118876189475,1201.1460392886452,0.0009727626459143934,16.449177311202252,63.2090626119105,30.86238766422389,1277.1605224609375,1263.7542724609375,1259.3155517578125
2022-04-28,1277.1605224609375,1291.2689267231667,1261.874481071713,1272.676636154816,25614076,1225.7996826171875,1206.9492492675781,1235.0661848629456,1208.3855138779509,0.014936864858027254,20.55313862659793,66.43208268930812,33.12611957596255,1263.7542724609375,1259.3155517578125,1220.0023193359375
2022-04-29,1263.7542724609375,1293.6015662528664,1257.8889681093667,1293.6015662528664,18214862,1236.6063110351563,1209.605615234375,1240.2822007898533,1213.6587289820602,-0.010496918566013758,21.00719370475041,68.28738550829782,33.45274865825354,1259.3155517578125,1220.0023193359375,1196.11083984375
2022-05-02,1259.3155517578125,1270.6611211332292,1249.1701419744186,1250.9592399328203,9467006,1247.3223388671875,1212.905126953125,1243.742810056755,1218.0069978185682,-0.0035123289391388868,8.221384992482411,64.67759117909553,32.97334075554045,1220.0023193359375,1196.11083984375,1186.9393310546875
2022-05-04,1220.0023193359375,1263.6410258882418,1212.1442565160846,1261.3764403153348,19247660,1249.7160034179688,1213.7611328125,1239.4263571984245,1218.1970284392985,-0.03121793609790635,21.33025803180546,56.491653573287074,29.0858734733888,1196.11083984375,1186.9393310546875,1140.5833740234375
2022-05-05,1196.11083984375,1236.4658174286478,1192.079918457506,1233.5218443509423,17210669,1246.2036254882812,1213.2447998046875,1231.5508085884837,1216.093581906103,-0.01958314268221384,33.87847400575595,56.176988021187995,23.80280109071964,1186.9393310546875,1140.5833740234375,1120.8133544921875
2022-05-06,1186.9393310546875,1204.3087009820067,1174.6651887519583,1183.112189870724,19649948,1238.8912719726563,1213.1225158691407,1223.4396308550663,1213.316986586579,-0.007667774995050336,35.31067018477358,55.24955431968494,18.660754509801563,1140.5833740234375,1120.8133544921875,1109.331787109375
2022-05-09,1140.5833740234375,1176.2733340833229,1135.4653835305458,1166.2411334825588,18083752,1227.9986206054687,1210.8409484863282,1208.3748568856793,1206.3899758655093,-0.03905503492757223,43.682740786006754,48.30065089998441,10.721516339416894,1120.8133544921875,1109.331787109375,1086.731201171875
2022-05-10,1120.8133544921875,1144.3424996019623,1113.2722828322585,1130.0303130323607,19511677,1218.0185668945312,1208.617120361328,1192.454583723226,1198.239821448182,-0.017333252422846335,40.96296140587995,38.10578373478703,2.8020374273878588,1109.331787109375,1086.731201171875,1099.050537109375
2022-05-11,1109.331787109375,1125.4783543216395,1096.9444341111473,1119.9073998813726,16643899,1203.2375854492188,1204.8499694824218,1177.3413479752533,1189.7723896056195,-0.0102439601890848,38.99456595473802,29.172773951889738,-4.3505230600489995,1086.731201171875,1099.050537109375,1099.3223876953125
2022-05-12,1086.731201171875,1102.7870793042052,1073.4153958980505,1099.4581878859078,20490321,1186.0742553710938,1200.0762145996093,1160.8667758291845,1179.9589430873114,-0.02037315273944429,37.85359799770892,19.742217096624472,-11.707698094928674,1099.050537109375,1099.3223876953125,1145.497314453125
2022-05-13,1099.050537109375,1122.3304948076038,1093.9551898739935,1098.7788299822744,19308778,1168.2632568359375,1197.0314697265626,1149.62745969831,1172.2533806126476,0.011336138986545619,20.649267334523863,23.895922804499875,-16.35570647290251,1099.3223876953125,1145.497314453125,1149.6641845703125
2022-05-16,1099.3223876953125,1123.6892942266647,1094.54403200538,1102.6059947530612,13437911,1151.820068359375,1194.2131896972655,1140.4810829704923,1165.307571762909,0.0002473503963271728,12.759228073199598,26.635812890864912,-19.789232573666823,1145.497314453125,1149.6641845703125,1123.16845703125
2022-05-17,1145.497314453125,1150.366239393939,1101.496331090796,1102.9003909379085,16551828,1140.4382446289062,1193.8802917480468,1141.3931250582436,1163.4208805904334,0.042003080510910396,22.4475889647492,29.26479683540974,-18.57032891169979,1149.6641845703125,1123.16845703125,1188.6602783203125
2022-05-18,1149.6641845703125,1163.9990123371506,1136.0313867118257,1150.2530031709177,17276788,1133.4044311523437,1191.5602172851563,1142.896954060438,1162.1107190646353,0.0036376079320419308,29.263648100971093,30.029948136841952,-17.071319838594945,1123.16845703125,1188.6602783203125,1180.7117919921875
2022-05-19,1123.16845703125,1137.956250241304,1116.918234266966,1125.0481241931686,14699118,1126.1101928710937,1186.1569091796875,1139.3099546005858,1158.4019322041277,-0.0230464929626083,24.2423308013593,22.487467269650978,-17.81595684234526,1188.6602783203125,1180.7117919921875,1184.7652587890625
2022-05-20,1188.6602783203125,1197.6959774442455,1133.2005197063886,1137.95611299257,21793091,1126.2822875976562,1182.5867797851563,1148.2827407314453,1161.2836794534185,0.058309882973538896,33.24695007761883,38.6887421017754,-12.971912316174894,1180.7117919921875,1184.7652587890625,1183.0218505859375
2022-05-23,1180.7117919921875,1201.8403770570499,1174.4161648907582,1191.8534622113486,15252755,1130.2951293945312,1179.146875,1154.1789318697622,1163.1339758857578,-0.006686928530460268,26.89731109217864,38.28395136304718,-9.662959954886901,1184.7652587890625,1183.0218505859375,1171.7440185546875
2022-05-24,1184.7652587890625,1194.7973375363194,1176.5448004718992,1180.7569797022973,13527818,1136.6903198242187,1177.354443359375,1159.7400822187258,1165.194098067101,0.0034330704786438293,28.202941769984882,44.1309441416794,-6.637003235700149,1183.0218505859375,1171.7440185546875,1166.308837890625
2022-05-25,1183.0218505859375,1203.2672708486396,1178.2661361588991,1193.4389700732713,12714544,1144.059326171875,1173.648455810547,1163.9731310127643,1166.8919792594281,-0.001471522050627061,27.488139875503062,47.64625075019241,-4.329679357131681,1171.7440185546875,1166.308837890625,1206.9356689453125
2022-05-26,1171.7440185546875,1193.3934954511844,1154.0348942869591,1188.637781781663,17882023,1152.5606079101562,1169.317431640625,1165.3860196567502,1167.354078239943,-0.009533071621343425,6.317716805803019,47.288022155952675,-3.372262008100506,1166.308837890625,1206.9356689453125,1192.3743896484375
2022-05-27,1166.308837890625,1179.9189929679753,1150.4567396045152,1174.4387272800036,16521973,1159.2864379882812,1163.7748474121095,1165.553804790182,1167.2545315400052,-0.004638539286734855,7.9338519345022815,55.376697702447366,-3.017294026674108,1206.9356689453125,1192.3743896484375,1192.7593994140625
2022-05-30,1206.9356689453125,1211.1024440039564,1174.959644745959,1184.3802630005096,13853398,1170.0477661132813,1160.9339172363282,1173.0777800911148,1171.0336874834616,0.03483368189866831,15.655153421633687,66.55638681335185,0.5360866945484304,1192.3743896484375,1192.7593994140625,1233.8843994140625
2022-05-31,1192.3743896484375,1213.2765527152142,1184.697464521731,1196.3373846577454,70620653,1174.7354736328125,1157.5868591308595,1176.5862545560826,1173.066135308743,-0.012064668955885205,16.281037876006767,65.77751245553418,2.1523816621204332,1192.7593994140625,1233.8843994140625,1258.88525390625
2022-06-01,1192.7593994140625,1202.587698682473,1184.9238588339676,1193.121675611818,9776989,1179.0449951171875,1156.2247131347656,1179.5268263484427,1174.9416842711926,0.00032289335377155837,16.700272737580985,72.00193122273453,3.424894091668193,1233.8843994140625,1258.88525390625,1253.4730224609375
2022-06-02,1233.8843994140625,1237.575687367432,1192.9858825014019,1192.9858825014019,22126569,1190.1165893554687,1158.1133911132813,1189.4100214512825,1180.5552761896643,0.03447887312412079,24.647279185360336,74.99166234888715,7.663473395910387,1258.88525390625,1253.4730224609375,1255.8282470703125
2022-06-03,1258.88525390625,1276.0282006397301,1241.9008029974498,1242.806733024834,23939791,1197.1390869140625,1161.7106872558593,1202.0418818976402,1188.0152740675583,0.02026190987102172,28.873735569129163,77.09169366221266,12.891334756101514,1253.4730224609375,1255.8282470703125,1233.7711181640625
2022-06-06,1253.4730224609375,1274.5110388345443,1246.3395117355965,1259.1119042533815,11093152,1204.4152099609375,1167.3551696777345,1211.3929983636942,1194.2493453432119,-0.004299225388905481,32.14658189245754,71.27818188728736,16.408582776354933,1255.8282470703125,1233.7711181640625,1267.6041259765625
2022-06-07,1255.8282470703125,1264.1392757142605,1246.452912224144,1254.5373984290559,12358255,1211.5215087890624,1174.1059143066407,1219.4721344921704,1200.1140026506346,0.001878959153625015,27.624438253685256,71.07162690086477,19.165150192769488,1233.7711181640625,1267.6041259765625,1229.33251953125
2022-06-08,1233.7711181640625,1259.564728048269,1230.260968517713,1255.8281557796806,12479250,1216.596435546875,1180.327880859375,1222.0719497052417,1203.3194422233814,-0.017563810144983205,12.328602042354392,72.34634157169248,19.346904698817525,1267.6041259765625,1229.33251953125,1206.0750732421875
2022-06-09,1267.6041259765625,1269.528957983228,1227.4076388685442,1227.4076388685442,17278305,1226.1824462890625,1189.3715270996095,1230.3505272091181,1209.4417930570858,0.027422434610761437,12.467230975568777,68.28970856740779,21.967756794966817,1229.33251953125,1206.0750732421875,1190.3134765625
2022-06-10,1229.33251953125,1263.5957731905057,1223.5577842447772,1255.4432409626409,18093057,1232.484814453125,1195.8856262207032,1230.1654349040512,1211.3361479594062,-0.03019208099833859,16.01946527969352,59.87671862655682,20.717780504926623,1206.0750732421875,1190.3134765625,1175.910888671875
2022-06-13,1206.0750732421875,1210.558959942895,1184.9691305419672,1200.2325310142617,17620803,1232.3987548828125,1201.2232604980468,1225.7853691473485,1210.8350932244284,-0.018918759505305083,24.005711425990906,54.01553677124804,17.647059433863205,1190.3134765625,1175.910888671875,1159.4698486328125
2022-06-14,1190.3134765625,1210.1286894158018,1183.6782159302647,1200.2551062805883,14714312,1232.1926635742188,1203.4640686035157,1219.3359341319215,1208.880653542324,-0.013068503801605735,29.458630503189738,51.305057987283476,13.78278240229156,1175.910888671875,1159.4698486328125,1173.0574951171875
2022-06-15,1175.910888671875,1194.4805402025763,1170.5211912252462,1185.5354082981676,11195535,1230.5078125,1204.7764038085938,1211.4404713210038,1205.740675935591,-0.012099827628784143,35.99655546642559,50.737538335356426,9.449221794950745,1159.4698486328125,1173.0574951171875,1151.79296875
2022-06-16,1159.4698486328125,1204.331357067944,1156.752298028243,1188.0036507794862,17111475,1223.066357421875,1206.5914733886718,1201.991267195878,1201.333930478154,-0.013981535673703749,26.979142491726982,48.834888825206086,4.634762609278823,1173.0574951171875,1151.79296875,1170.3851318359375
2022-06-17,1173.0574951171875,1188.8416691150956,1157.7036439406018,1159.469980153735,24457187,1214.4835815429688,1205.8113342285155,1196.7305813633889,1198.640936634236,0.011718844177273757,17.804662301764353,43.642716692352664,1.8938474362194029,1151.79296875,1170.3851318359375,1134.8310546875
2022-06-20,1151.79296875,1185.331550638825,1141.8513382748356,1179.851164692969,12066797,1204.315576171875,1204.3653930664063,1188.5601063427728,1194.179225407141,-0.018127437449315442,14.993706607487638,42.57172032703442,-1.9714910235561547,1170.3851318359375,1134.8310546875,1116.4200439453125
2022-06-21,1170.3851318359375,1174.597191210546,1145.1122963870148,1159.4697654774316,11720049,1195.7712646484374,1203.64638671875,1185.2555655233482,1191.9131212574912,0.01614193139771891,10.144825939309545,46.160401334317626,-3.4942874534583552,1134.8310546875,1116.4200439453125,1132.3175048828125
2022-06-22,1134.8310546875,1158.6998308652678,1132.747607320494,1158.6092618232658,10617206,1185.8772583007812,1201.2368469238281,1176.087472644103,1186.4767339650866,-0.03037810049130174,15.47226875737779,32.67032604206132,-7.4837633133015515,1116.4200439453125,1132.3175048828125,1128.9656982421875
2022-06-23,1116.4200439453125,1143.6178348788872,1107.3843432520748,1139.111305663959,19446323,1170.7588500976562,1198.4706481933595,1165.2388492443229,1179.8046682488903,-0.01622356972532568,24.008634411273324,24.48700757295876,-11.992820601382164,1132.3175048828125,1128.9656982421875,1144.840576171875
2022-06-24,1132.3175048828125,1137.2768791745684,1117.8014186070498,1123.2365200121847,14240234,1161.0573486328126,1196.7710815429687,1159.2531502695028,1175.282081261628,0.014239677103359716,20.60023350249847,29.08851331079191,-14.120713952379674,1128.9656982421875,1144.840576171875,1168.5960693359375
2022-06-27,1128.9656982421875,1152.6533352328772,1123.9382780429507,1152.6533352328772,15474529,1153.3464111328126,1192.8725830078124,1153.746340809991,1170.8709971645237,-0.002960129668729161,20.176818112801808,28.178547971759684,-15.894327631861415,1144.840576171875,1168.5960693359375,1175.6165771484375
2022-06-28,1144.840576171875,1147.67133814574,1124.187598454475,1124.187598454475,13572847,1148.79912109375,1190.4958923339843,1152.127110875788,1168.3919094509306,0.014061435129875788,10.290284751485512,34.370777699258284,-15.836407033144951,1168.5960693359375,1175.6165771484375,1090.9434814453125
2022-06-29,1168.5960693359375,1176.2278290145132,1132.7476201425022,1135.5557396776305,19205146,1148.0676391601562,1189.2877258300782,1155.1214669594515,1168.4113532495028,0.02075004472980524,19.762698022316737,31.96070773408016,-13.715530678184678,1175.6165771484375,1090.9434814453125,1093.2078857421875
2022-06-30,1175.6165771484375,1184.7881319891096,1162.187557726763,1168.5283502683608,23112959,1149.6823120117188,1186.374334716797,1158.8478506301763,1169.097565049403,0.006007642843167682,21.11712765348257,38.95516566460867,-11.337532561771695,1090.9434814453125,1093.2078857421875,1102.0623779296875
2022-07-01,1090.9434814453125,1173.9633211779058,1071.1510274067675,1166.218468693317,81997149,1141.4709106445312,1177.97724609375,1146.5016016874736,1161.6543189918539,-0.07202441454892305,33.99242497876075,31.100431871958136,-16.0997749122007,1093.2078857421875,1102.0623779296875,1092.3701171875
2022-07-04,1093.2078857421875,1106.0254419629423,1071.648979247077,1077.4689986763794,41857728,1135.61240234375,1169.9639892578125,1136.811835151967,1155.135611063301,0.002075638505007582,40.503555693439885,33.32038924522408,-19.466767010321973,1102.0623779296875,1092.3701171875,1081.61328125
2022-07-05,1102.0623779296875,1116.397204322394,1094.7477301472154,1097.4199959551624,17647327,1128.780126953125,1162.2756958007812,1130.4937520206433,1150.081017431519,0.008099550234664354,42.289140124543174,37.06874034110462,-21.17653902709685,1092.3701171875,1081.61328125,1083.10791015625
2022-07-06,1092.3701171875,1106.0029160314311,1081.568080443144,1096.1066896148457,23943726,1124.534033203125,1155.2056457519532,1123.562182050981,1144.5847412177939,-0.008794657123125105,36.4724247587927,37.966065627820036,-23.047947713846725,1081.61328125,1083.10791015625,1097.8277587890625
2022-07-07,1081.61328125,1102.0624779330788,1075.6800503518655,1098.7335863010783,23301033,1121.0533569335937,1145.906103515625,1115.9351091780754,1138.5874593160902,-0.009847244782926978,7.277358879262509,33.43179888963056,-25.109591599908754,1083.10791015625,1097.8277587890625,1096.264892578125
2022-07-08,1083.10791015625,1095.155510044553,1079.0995110804106,1095.155510044553,19010108,1116.1323974609375,1138.594873046875,1109.9665275377436,1133.3036927294315,0.0013818514733128229,8.338637431091826,36.59506159427541,-26.319460810464307,1097.8277587890625,1096.264892578125,1076.8349609375
2022-07-11,1097.8277587890625,1100.046939975301,1073.4154479368833,1076.3594210782474,13847467,1113.018603515625,1133.1825073242187,1107.759478674347,1129.9250323541542,0.01359038051036765,8.951006403423381,35.62199929173124,-25.793194224123,1096.264892578125,1076.8349609375,1085.712158203125
2022-07-12,1096.264892578125,1104.9835991794125,1088.8143919771016,1088.8143919771016,10778989,1108.16103515625,1128.480078125,1105.6695539295795,1126.7193047564335,-0.0014235987370745384,7.478264232524218,41.16790304580902,-25.21161065070669,1076.8349609375,1085.712158203125,1087.8182373046875
2022-07-13,1076.8349609375,1102.4022679488555,1074.7742754785731,1099.3677256155834,14224132,1098.9849243164062,1123.5262817382813,1100.4269006582924,1121.9684148689112,-0.017723756157994708,9.360656053568745,40.976669302683554,-26.018608258502354,1085.712158203125,1087.8182373046875,1097.08056640625
2022-07-14,1085.712158203125,1102.3796184650857,1076.5632467388843,1081.5680252499114,16970315,1089.994482421875,1119.838397216797,1097.7514929391712,1118.515438043595,0.008243786269621634,8.926161262386422,39.02516567561212,-25.64621049721859,1087.8182373046875,1097.08056640625,1103.806396484375
2022-07-15,1087.8182373046875,1093.796752824721,1079.3487135847495,1093.796752824721,9603210,1089.6819580078125,1115.576434326172,1095.9454464601743,1115.5918951160775,0.0019398134999686345,8.527072775061688,40.253228683058175,-24.894175052304035,1097.08056640625,1103.806396484375,1133.653564453125
2022-07-18,1097.08056640625,1098.3260107043704,1083.5155743058108,1096.5143900160117,15160908,1090.0692260742187,1112.8408142089843,1096.1518319049153,1113.828911429426,0.008514592589026648,8.335713232647427,38.32102102783374,-23.282403934650347,1103.806396484375,1133.653564453125,1126.0897216796875
2022-07-19,1103.806396484375,1108.2902834767385,1087.1389350761635,1087.1389350761635,16439888,1090.2436279296876,1109.5118774414063,1097.5435709193625,1112.8743861965631,0.006130661944142357,10.45109172555801,32.71725178132881,-21.217760301578892,1133.653564453125,1126.0897216796875,1133.6988525390625
2022-07-20,1133.653564453125,1151.5438277746334,1126.0672081991272,1150.4115948025603,23924246,1094.37197265625,1109.4530029296875,1104.1090242891376,1114.853355554332,0.02704022015437957,19.333157744840214,40.02149193007634,-16.977393512080653,1126.0897216796875,1133.6988525390625,1096.242431640625
2022-07-21,1126.0897216796875,1132.2947793542016,1117.484344754926,1129.5772288514759,16523230,1098.8196166992188,1109.9364868164062,1108.105514723783,1115.9234856615092,-0.006672093671831969,19.462732987021628,63.19722266021775,-14.06507771841575,1133.6988525390625,1096.242431640625,1096.74072265625
2022-07-22,1133.6988525390625,1139.6773678755283,1130.030207237111,1132.2947927493988,10969995,1103.8787109375,1110.0055541992188,1112.7588488720157,1117.6163777450865,0.00675712664176098,17.264591702097853,64.61741987569319,-11.016066840566964,1096.242431640625,1096.74072265625,1095.6990966796875
2022-07-25,1096.242431640625,1117.5522733397709,1088.361726850526,1117.5522733397709,23110452,1103.7201782226562,1108.3693908691407,1109.755863920854,1115.580763830375,-0.033039127467183294,17.531004248348495,48.25858944174199,-11.489678025960984,1096.74072265625,1095.6990966796875,1112.864501953125
2022-07-26,1096.74072265625,1106.886133119494,1092.143624721455,1096.5595845623452,11303288,1103.7677612304688,1105.9643981933593,1107.389474600017,1113.7864741947433,0.00045454454347226836,19.233594281917856,51.38388778001271,-11.690054708135676,1095.6990966796875,1112.864501953125,1136.5748291015625
2022-07-27,1095.6990966796875,1099.2317688342157,1087.908840568981,1096.0387306174957,8655086,1105.6541748046875,1102.3195495605469,1105.2639513417753,1112.0638668123563,-0.0009497467861316888,18.638951411625015,54.75245363525163,-11.79691765998632,1112.864501953125,1136.5748291015625,1166.1956787109375
2022-07-28,1112.864501953125,1117.7785909046106,1096.5141555258897,1103.3079113548908,12496073,1108.3694091796874,1099.1819458007812,1106.645869634748,1112.1401177781438,0.01566616722187142,16.552171384211384,59.07955214207495,-10.376884308347599,1136.5748291015625,1166.1956787109375,1170.63427734375
2022-07-29,1136.5748291015625,1140.0396942059215,1115.989778235377,1120.8359411287292,15130683,1113.245068359375,1101.4635131835937,1112.0874986287142,1114.4672331422796,0.02130567297889807,17.718651960201008,61.2078754837434,-7.254645365485203,1166.1956787109375,1170.63427734375,1180.462646484375
2022-08-01,1166.1956787109375,1172.038340631328,1135.7369249153332,1140.9681259695833,15700044,1120.1565795898437,1105.1129028320313,1121.9253495527548,1119.3937517678673,0.026061504135886704,29.908896399816804,67.40312693853969,-2.362855964796836,1170.63427734375,1180.462646484375,1164.859619140625
2022-08-02,1170.63427734375,1181.1193216829413,1160.1718752661886,1165.1313691654111,13917913,1126.8393676757812,1108.5414978027343,1130.7815182420266,1124.2738018227146,0.0038060496311551617,32.673696530220944,75.22529975405132,1.85074594614548,1180.462646484375,1164.859619140625,1147.69384765625
2022-08-03,1180.462646484375,1182.1157712823,1162.8442104812696,1177.5865998850716,14250977,1131.5202758789062,1112.9461242675782,1139.8144506497263,1129.6251203619215,0.008395764015151075,27.925504246670712,75.35140057248343,5.914939329653407,1164.859619140625,1147.69384765625,1162.708251953125
2022-08-04,1164.859619140625,1185.6259288355277,1148.1469933470867,1182.1157790494954,14467127,1135.397265625,1117.1084411621093,1144.3681176480713,1132.9807869122749,-0.013217722212743088,16.3738223551932,69.22466296382264,7.787043767227942,1147.69384765625,1162.708251953125,1169.6605224609375
2022-08-05,1147.69384765625,1167.9845468317753,1144.5008098568317,1166.7164604960217,13942438,1136.7967651367187,1120.3377380371094,1144.9727958313767,1134.3820307926537,-0.01473634350638664,11.906866749861871,62.150609605283364,7.795701726691277,1162.708251953125,1169.6605224609375,1173.5556640625
2022-08-08,1162.708251953125,1170.1361123075012,1146.3352600049257,1146.3352600049257,10165178,1143.4433471679688,1123.5817626953126,1148.197424217149,1137.0797661412705,0.013082238201012064,11.992123043868787,63.59922799683894,8.911375379680521,1169.6605224609375,1173.5556640625,1192.5328369140625
2022-08-10,1169.6605224609375,1173.0120563323646,1158.1336946618562,1167.1241099957583,10724688,1150.7353271484376,1127.2515441894532,1152.0998057160198,1140.1826953145726,0.005979376594372754,11.890742229179619,59.29603644681384,10.23852161115019,1173.5556640625,1192.5328369140625,1200.8211669921875
2022-08-11,1173.5556640625,1182.0704726435374,1168.618812190309,1178.990645714219,8198226,1158.5209838867188,1132.087579345703,1156.0008708699254,1143.361073290566,0.003330147104022352,9.889224414431238,62.491061544757805,11.472353782201708,1192.5328369140625,1200.8211669921875,1207.0941162109375
2022-08-12,1192.5328369140625,1196.3146936661199,1169.5247047340195,1173.193230375856,12650587,1166.4878173828124,1137.42861328125,1162.643046514314,1148.0440983975664,0.016170662741185282,16.34210805344782,64.60859697236427,13.822140881045925,1200.8211669921875,1207.0941162109375,1209.2833251953125
2022-08-16,1200.8211669921875,1203.5387175050762,1189.9512045412775,1198.511296976361,6607378,1172.912451171875,1143.078759765625,1169.5845229648364,1153.070485882769,0.0069501902350739275,16.108442498615467,80.36555964269182,16.166802222413935,1207.0941162109375,1209.2833251953125,1187.72216796875
2022-08-17,1207.0941162109375,1212.4158859762824,1202.7460834374597,1207.0261894301318,6595965,1177.002294921875,1148.5794372558594,1176.404449009582,1158.2155935330713,0.005223882948751202,16.521229190481428,81.0026303786442,18.319956746896196,1209.2833251953125,1187.72216796875,1184.427734375
2022-08-18,1209.2833251953125,1212.7820913718717,1199.6955520359063,1208.6925853891362,7410035,1180.8671997070312,1153.8532836914062,1182.3824264978966,1163.0791870247137,0.0018136191329032325,14.460102107557654,81.70585934252259,19.972764492766146,1187.72216796875,1184.427734375,1202.6944580078125
2022-08-19,1187.72216796875,1209.464997552082,1183.6779742626552,1204.148579928399,9460724,1181.5931518554687,1156.5567138671875,1183.3532885835064,1165.4261375908127,-0.017829698613499145,9.25186188829803,70.39523046796012,19.320111130505893,1184.427734375,1202.6944580078125,1199.490966796875
2022-08-22,1184.427734375,1195.651309470641,1175.0672431781986,1189.1535324408326,9471680,1183.5499633789063,1159.473614501953,1183.5486423637778,1167.2358134750211,-0.002773740932514701,11.266440188970083,64.66965390317851,18.32579700012866,1202.6944580078125,1199.490966796875,1195.9920654296875
2022-08-23,1202.6944580078125,1205.6026043151621,1177.498175517267,1178.7023711633794,9678484,1189.0500244140626,1162.9233947753905,1187.0296997536025,1170.612827240049,0.01542240451035326,11.419237919618336,62.02615041556862,18.79510950106419,1199.490966796875,1195.9920654296875,1189.6077880859375
2022-08-24,1199.490966796875,1213.2365143204822,1197.4917062121833,1199.6500999587201,10369622,1192.7282958984374,1168.0858215332032,1189.2953846705611,1173.3631262454612,-0.002663595221220061,10.407572379232327,59.58614693616697,18.693066041952306,1195.9920654296875,1189.6077880859375,1180.3609619140625
2022-08-25,1195.9920654296875,1210.010084840808,1191.6979945608696,1203.6713213411974,7871946,1195.3614501953125,1173.048388671875,1190.5129629904022,1175.5182633106258,-0.0029169885093265346,7.757748515488648,55.38531613761877,18.12097643027232,1189.6077880859375,1180.3609619140625,1198.673095703125
2022-08-26,1189.6077880859375,1204.1485194816453,1184.6095168359632,1196.4237108559755,10742038,1196.9666625976563,1177.7438232421875,1190.348385735045,1176.8601228130365,-0.005338059948964857,7.410346664391433,59.1684175585437,16.95696413811038,1180.3609619140625,1198.673095703125,1163.4346923828125
2022-08-29,1180.3609619140625,1206.4205794013706,1171.4547933496005,1174.6128173581192,19838975,1195.7494750976562,1181.1186462402343,1188.5324904948664,1177.1935360607533,-0.007773004064434597,8.864821507567413,62.85648399479224,15.114108383988878,1198.673095703125,1163.4346923828125,1149.8482666015625
2022-08-30,1198.673095703125,1201.9902529871206,1170.795945790086,1187.790382333822,23139054,1195.53466796875,1184.2235595703125,1190.3762368963678,1179.239208407646,0.015514011713304798,7.974464527957139,63.79622952508499,14.958831974160148,1163.4346923828125,1149.8482666015625,1167.7060546875
2022-09-01,1163.4346923828125,1183.6780172121637,1159.0270403092493,1173.5450568236956,19909939,1191.1687255859374,1184.0855102539062,1185.4777742575395,1177.7340164052807,-0.02939784287027991,14.262807061039426,48.03761475655834,11.855664927078578,1149.8482666015625,1167.7060546875,1179.9974365234375
2022-09-02,1149.8482666015625,1170.2278880627014,1147.6671567250864,1163.4346809089884,12999345,1185.2252197265625,1183.046209716797,1178.9996819564528,1175.0782307096886,-0.01167785855983361,19.744102251123337,42.95765914535047,8.205483959798585,1167.7060546875,1179.9974365234375,1173.135986328125
2022-09-05,1167.7060546875,1173.0224725362493,1150.0754462865928,1150.0754462865928,11327815,1183.2236083984376,1182.408380126953,1176.9462951802795,1174.3761187075752,0.015530560513620673,18.465246854150372,42.57576963315619,6.676698673606552,1179.9974365234375,1173.135986328125,1174.79443359375
2022-09-06,1179.9974365234375,1184.1552111927028,1168.7057123414318,1169.1601553219334,10899618,1182.7805786132812,1183.1652709960938,1177.5010481517627,1174.9114823090858,0.010526092407071586,18.424790344904014,43.91844871743681,6.383353781860706,1173.135986328125,1174.79443359375,1167.478759765625
2022-09-07,1173.135986328125,1179.1112920563703,1167.7968526449285,1170.0688269822717,7488501,1179.8247314453124,1184.4373779296875,1176.7074005474649,1174.7423874537562,-0.005814800933405473,11.333816116677582,40.11653313911143,5.533428238213219,1174.79443359375,1167.478759765625,1180.542724609375
2022-09-08,1174.79443359375,1180.5198614611618,1168.2512248209334,1176.0894937430355,7057077,1177.355078125,1185.0416870117188,1176.3595883740622,1174.7473442289936,0.0014136871470593615,11.619403397215795,39.93094683661956,4.936770933313483,1167.478759765625,1180.542724609375,1190.403076171875
2022-09-09,1167.478759765625,1185.972579330713,1165.0703685493695,1185.972579330713,8314850,1174.5037475585937,1184.932598876953,1174.7448922634374,1174.0550980896253,-0.006227194834202643,5.24404782999878,43.55372633287672,3.829458369887334,1180.542724609375,1190.403076171875,1176.135009765625
2022-09-12,1180.542724609375,1186.8816091364133,1168.046804859231,1168.046804859231,7435419,1173.5972412109375,1185.2819519042969,1175.7990435990623,1174.6729672819824,0.011189895091858082,5.375913352213695,48.83533019592918,3.9604048861094725,1190.403076171875,1176.135009765625,1164.479736328125
2022-09-13,1190.403076171875,1194.9243089400052,1181.8832020191865,1189.607891122723,8888657,1174.6014526367187,1185.1754638671875,1178.4543222486645,1176.1710728905437,0.008352388572605562,8.693033051563736,46.11964283649789,4.804446242691029,1176.135009765625,1164.479736328125,1135.625732421875
2022-09-14,1176.135009765625,1185.9726599528265,1169.046493026583,1170.0688394223355,8678219,1172.3476440429688,1183.9411560058593,1178.03262906993,1176.167638307218,-0.011985911908203084,8.4360628465306,43.10806390958485,4.272787350163071,1164.479736328125,1135.625732421875,1137.1025390625
2022-09-15,1164.479736328125,1183.0417041001508,1161.7760353689525,1173.7039298739198,10365600,1172.4521484375,1181.8104370117187,1175.5684667532382,1175.0545047853996,-0.009909809112665258,10.40728833055925,41.12830889756911,2.877787347059666,1135.625732421875,1137.1025390625,1137.2841796875
2022-09-16,1135.625732421875,1160.0722649582217,1131.899684568862,1155.8690579820689,20217708,1171.0298950195313,1178.1275573730468,1168.3061514202632,1171.2993836079208,-0.0247784508446951,21.068656115123325,36.50922070196312,-0.5497005720328616,1137.1025390625,1137.2841796875,1140.4195556640625
2022-09-19,1137.1025390625,1146.3040180403946,1127.5147655140897,1135.6257495827476,7580254,1167.9695434570312,1175.5965759277344,1162.6327673552153,1168.0425412702616,0.0013004342878666364,24.08498293593329,38.752370148852016,-3.110982023671795,1137.2841796875,1140.4195556640625,1129.673095703125
2022-09-20,1137.2841796875,1153.119972213298,1133.5808482063046,1146.1903481529216,8411448,1163.6982177734376,1173.2393981933594,1158.0239332338126,1165.1131735004747,0.00015973988163797692,18.889672956148544,32.37669242597761,-5.067741378674555,1140.4195556640625,1129.673095703125,1108.498291015625
2022-09-21,1140.4195556640625,1150.9842421176709,1133.7172134827065,1134.512398474311,9207309,1160.4265747070312,1170.1256530761718,1154.8231373120398,1162.7614003731974,0.0027568975569711718,12.1435855239581,41.899880564696986,-6.292947446390826,1129.673095703125,1108.498291015625,1080.257568359375
2022-09-22,1129.673095703125,1137.3523524884633,1123.3116153435435,1129.6276634257686,10308170,1155.9144409179687,1166.6347595214843,1150.2504024740551,1159.6101332617618,-0.009423251212734463,3.9548946577305095,42.75456031984709,-8.038419690659794,1108.498291015625,1080.257568359375,1088.845703125
2022-09-23,1108.498291015625,1134.1488981287762,1106.9533532004177,1129.1733426023927,9528051,1150.0163940429688,1162.2600708007812,1142.6591094816133,1154.7423387621297,-0.01874418782570053,12.968515119264023,29.23171519151029,-11.003507211040642,1080.257568359375,1088.845703125,1059.855224609375
2022-09-26,1080.257568359375,1098.6379294477279,1079.257938059937,1087.845960638479,12479523,1139.9878784179687,1156.7925598144532,1131.3133747321153,1147.6485511047244,-0.02547655949056571,25.089982398747466,18.534937903148162,-15.454006566100588,1088.845703125,1059.855224609375,1056.6063232421875
2022-09-27,1088.845703125,1102.3639690673094,1072.4192906698377,1087.8232365030442,16154822,1129.8321411132813,1152.216796875,1123.591979894458,1142.04827986856,0.007950080626297318,25.718127738289482,23.69541035565173,-18.079657628613177,1059.855224609375,1056.6063232421875,1080.4393310546875
2022-09-28,1059.855224609375,1080.5529923156532,1057.4242371952328,1072.5328732525227,16997059,1118.2041625976562,1145.2759033203124,1112.0034789335339,1134.2203698438757,-0.026624964797511752,26.75074566733227,19.358002738827295,-22.243386432332727,1056.6063232421875,1080.4393310546875,1076.690673828125
2022-09-29,1056.6063232421875,1075.7817488504493,1051.0171916607421,1072.3738473223364,14671827,1107.4168212890625,1139.9344848632813,1101.9312688078346,1126.8285558818102,-0.003065419966566618,21.427156554795346,19.787054697962688,-25.511252852770667,1080.4393310546875,1076.690673828125,1096.5477294921875
2022-09-30,1080.4393310546875,1091.458340177691,1050.108360317172,1050.108360317172,18613024,1101.8981811523438,1136.4640380859375,1098.0236437618078,1122.4105344697034,0.02255618510721069,14.146009566889296,24.233895065068253,-25.87961192816897,1076.690673828125,1096.5477294921875,1100.5916748046875
2022-10-03,1076.690673828125,1098.2516553264609,1073.7370949613044,1086.687337582096,11852723,1095.8569946289062,1131.9132690429688,1094.1449219556837,1118.0562620276482,-0.0034695675349981636,13.786544650274378,19.78021906723191,-26.172326174222235,1096.5477294921875,1100.5916748046875,1105.2493896484375
2022-10-04,1096.5477294921875,1098.7288394831442,1086.0739063841288,1089.5500767240444,8948850,1091.783349609375,1127.7407836914062,1094.58179605323,1116.0078303576042,0.018442674527366032,16.276636610744006,29.459366987871192,-24.5193619416807,1100.5916748046875,1105.2493896484375,1093.1851806640625
2022-10-06,1100.5916748046875,1113.269322563035,1098.7968595905177,1103.7271026820092,13352162,1087.8005615234374,1124.1135681152343,1095.6745012807676,1114.5396250668502,0.0036878880907196265,17.554179525134835,32.8368624544581,-22.62228763836174,1105.2493896484375,1093.1851806640625,1071.4195556640625
2022-10-07,1105.2493896484375,1110.4976589700225,1097.2065545320427,1097.2065545320427,7714340,1085.3581909179688,1120.6363159179687,1097.4153900748895,1113.654840741287,0.004232009881936172,12.629561244617108,40.620168129310755,-20.50661641445754,1093.1851806640625,1071.4195556640625,1079.3033447265625
2022-10-10,1093.1851806640625,1098.547030597458,1085.0969133921378,1092.8216022630288,6329527,1083.8268798828126,1116.9216369628907,1096.6462610911028,1111.7053493053609,-0.010915372672779755,10.905742138020248,37.27115059251591,-19.577732651862334,1071.4195556640625,1079.3033447265625,1082.7340087890625
2022-10-11,1071.4195556640625,1096.911150105876,1068.329679997323,1096.911150105876,9215177,1082.9430786132812,1111.465478515625,1092.0595873770956,1107.8686070538088,-0.019910281793957707,13.08837742687878,33.03289818348996,-20.363155827576065,1079.3033447265625,1082.7340087890625,1077.2357177734375
2022-10-12,1079.3033447265625,1082.2342073300697,1064.6944639855953,1068.7386577474495,7417103,1081.9888427734375,1105.9104919433594,1089.740270531544,1105.1481058797854,0.007358265042692436,14.269824769817719,34.632082734267854,-20.117550859661378,1082.7340087890625,1077.2357177734375,1094.525634765625
2022-10-13,1082.7340087890625,1087.8231445652352,1072.419200033899,1077.5538882747444,7328492,1084.2767211914063,1101.2404418945312,1088.4664047601837,1103.0134299663832,0.0031785911525819,13.129656617304004,37.74613685830738,-19.422194268878457,1077.2357177734375,1094.525634765625,1113.8372802734375
2022-10-14,1077.2357177734375,1097.9789154976827,1076.508681223135,1097.3654596284905,9106089,1086.3396606445312,1096.878240966797,1086.4244616716844,1100.558409757531,-0.0050781549032290485,8.06329530371525,41.111071774911785,-19.094673781402662,1094.525634765625,1113.8372802734375,1133.21728515625
2022-10-17,1094.525634765625,1096.9111900194368,1064.9218171343564,1070.1019383497958,16729355,1087.748291015625,1094.8232360839843,1087.897402234219,1099.9838597583018,0.016050263379610463,8.584483504121582,54.3262682253728,-17.24121365330916,1113.8372802734375,1133.21728515625,1136.261962890625
2022-10-18,1113.8372802734375,1119.1764135169963,1099.7055601937943,1100.5461774083603,12415820,1091.4629516601562,1093.6599731445312,1092.6137436958952,1101.3032331406957,0.01764384943980568,15.146943188425782,57.115084266402356,-14.052061334062046,1133.21728515625,1136.261962890625,1123.0843505859375
2022-10-19,1133.21728515625,1148.6440655761994,1109.4977929604431,1115.314085328947,19247142,1095.1299072265624,1093.4566284179687,1099.996205779596,1104.3426666659866,0.017399314267928734,23.133706882125775,72.09521890730906,-9.847316975526383,1136.261962890625,1123.0843505859375,1126.8331298828125
2022-10-20,1136.261962890625,1144.6228248019718,1129.1734452455337,1129.1734452455337,8717053,1098.6969360351563,1093.2487487792969,1106.5899797997831,1107.3825996397616,0.0026867554653962067,25.254974456611333,74.02027079258107,-6.197901183327986,1123.0843505859375,1126.8331298828125,1109.4298095703125
2022-10-21,1123.0843505859375,1143.6231056125362,1120.9942254138175,1139.4880471639096,8243452,1100.4804321289062,1092.9193115234375,1109.5889563063567,1108.8780044917783,-0.01159733647262462,16.847937525853986,63.742820726660476,-4.319246473762178,1126.8331298828125,1109.4298095703125,1113.7919921875
2022-10-24,1126.8331298828125,1137.1252236758137,1115.6778227953112,1117.8133802746593,3370033,1103.8452270507812,1093.8360534667968,1112.724260592985,1110.5880164337816,0.0033379320929181056,8.83787577531933,66.15893836529845,-2.499095900149996,1109.4298095703125,1113.7919921875,1147.871826171875
2022-10-25,1109.4298095703125,1135.5348605120162,1107.8167232856267,1135.5348605120162,12233241,1107.6462524414062,1095.2946655273438,1112.1252694979537,1110.477711018213,-0.015444452111831208,10.498666732089092,54.21809548172544,-2.4328713343518302,1113.7919921875,1147.871826171875,1158.5272216796875
2022-10-27,1113.7919921875,1121.6530982836084,1105.453847178534,1116.904583955269,12513059,1111.0951171875,1096.5419799804688,1112.4283099869622,1110.7933568438593,0.003931914015251614,10.644810054172462,54.31330956572934,-2.005280581608531,1147.871826171875,1158.5272216796875,1149.5528564453125
2022-10-28,1147.871826171875,1151.8931840194223,1117.5635667319068,1120.0854189154575,17609592,1117.6088989257812,1100.9428100585938,1118.8725856569463,1114.3246396370037,0.030598023889040427,14.958430133049621,61.68118494292273,1.0711978539793563,1158.5272216796875,1149.5528564453125,1156.7322998046875
2022-10-31,1158.5272216796875,1163.6846262416873,1150.62068370947,1154.6194450652783,12419943,1125.7380493164062,1106.0388549804688,1126.0825194792628,1118.5344093553547,0.0092827398189117,21.335036296696526,68.04712301721091,4.319339884146984,1149.5528564453125,1156.7322998046875,1161.0491943359375
2022-11-01,1149.5528564453125,1181.428644108962,1139.6243422706675,1181.428644108962,13963166,1131.240771484375,1109.49453125,1130.34985347309,1121.4885471734458,-0.007746356810989341,22.53402965084891,73.22071996900362,6.0990534801512695,1156.7322998046875,1161.0491943359375,1178.1343994140625
2022-11-02,1156.7322998046875,1158.7998289194838,1142.8051438822936,1150.666129478395,8981896,1135.5302734375,1113.4966125488281,1135.1466618970169,1124.845095043088,0.006245422573760928,18.18730596446229,73.10813607139318,7.996630229560424,1161.0491943359375,1178.1343994140625,1184.427734375
2022-11-03,1161.0491943359375,1163.0485752218901,1147.3719146666933,1149.5530246719463,6693449,1138.3134643554688,1116.7216857910157,1139.8562132495479,1128.2931044995498,0.0037319737090240057,5.748832199469594,73.24963978094043,9.736573625697474,1178.1343994140625,1184.427734375,1183.246337890625
2022-11-04,1178.1343994140625,1181.428720196316,1159.2088516372303,1160.4810755593053,12575815,1142.5007080078126,1120.5988220214845,1146.8158834612777,1133.0398944914082,0.014715315390143147,10.591900702067354,78.0259670861148,12.351741379605528,1184.427734375,1183.246337890625,1168.9329833984375
2022-11-07,1184.427734375,1186.1090891689403,1169.6145286927685,1177.3392175630618,11789748,1148.6350463867188,1124.5577392578125,1153.6544018092272,1137.9339744803217,0.005341780160283527,14.728647043946719,76.59625640640438,14.761933817532054,1183.246337890625,1168.9329833984375,1195.8785400390625
2022-11-09,1183.246337890625,1191.4027533204435,1176.9074538352093,1186.1090519678319,11254205,1154.2763671875,1129.0607971191407,1159.034753824027,1142.2494376622553,-0.000997440747196321,12.932563520477293,73.00103800153556,16.387791605558277,1168.9329833984375,1195.8785400390625,1190.0850830078125
2022-11-10,1168.9329833984375,1179.8611290593667,1164.616195791804,1176.8848340514855,5966242,1160.2266845703125,1133.9364685058595,1160.8344319284652,1144.790727732368,-0.012096681843701274,9.97518630853165,62.246855020790726,16.3330502936044,1195.8785400390625,1190.0850830078125,1184.745849609375
2022-11-11,1195.8785400390625,1197.7869359415272,1175.9759587388326,1181.4286729917058,12310132,1168.4353393554688,1139.7652282714844,1167.2060879485737,1149.6562336663387,0.023051412718534392,9.819292717852234,67.56355915440989,18.253533267891953,1190.0850830078125,1184.745849609375,1177.9527587890625
2022-11-14,1190.0850830078125,1200.5134736804264,1183.7689145270133,1195.4015009715274,9043112,1172.6566650390625,1145.1327819824219,1171.3659052320716,1153.5066002702886,-0.004844519604023323,10.05699039731848,70.63687935582647,19.08801158123265,1184.745849609375,1177.9527587890625,1180.9970703125
2022-11-15,1184.745849609375,1193.4247362453084,1176.8847439241665,1191.5617725862496,7086433,1175.2785278320312,1150.5082885742188,1173.7986223915814,1156.481766874011,-0.004486429982756501,10.057313384629008,67.66461358134188,19.098356181482586,1177.9527587890625,1180.9970703125,1180.3609619140625
2022-11-16,1177.9527587890625,1188.6764594316192,1172.954366703904,1185.9727580356148,9716161,1178.1185180664063,1154.6796447753907,1174.553919918396,1158.5266232468732,-0.005733795836931788,10.501330362349993,72.34744071761504,18.34691685776238,1180.9970703125,1180.3609619140625,1159.117919921875
2022-11-17,1180.9970703125,1187.3358341262497,1172.3407797375921,1174.5900378958909,6661451,1180.5449951171875,1158.0376342773438,1175.725401808233,1160.666665824552,0.0025844088404420873,7.169562943321804,72.10767928477233,17.791951732981715,1180.3609619140625,1159.117919921875,1165.5477294921875
2022-11-18,1180.3609619140625,1185.518366679259,1168.2967693410817,1184.495900066872,5303197,1182.476171875,1160.3948181152343,1176.5682309183837,1162.542313071172,-0.0005386197937554682,4.731541968933949,63.7025817286554,17.103649022432364,1159.117919921875,1165.5477294921875,1161.912353515625
2022-11-21,1159.117919921875,1175.9759375856167,1155.5736016352212,1175.9759375856167,6390268,1180.5745239257812,1161.537615966797,1173.3954471008367,1162.2161803902866,-0.017997072656266044,10.090600993413416,50.22870673642718,14.674865497441942,1165.5477294921875,1161.912353515625,1171.9320068359375
2022-11-22,1165.5477294921875,1167.1153835532073,1152.5747701476932,1156.4371149495696,6611488,1178.6865234375,1163.6607849121094,1171.9685893538096,1162.5334707809438,0.005547157420140447,9.883137933929042,56.3173779723449,13.117656769825317,1161.912353515625,1171.9320068359375,1189.4261474609375
2022-11-23,1161.912353515625,1171.3865449235016,1159.7312438376161,1170.0687686238546,6413408,1176.553125,1165.41474609375,1170.1401828377761,1162.4743167556753,-0.0031190279767834284,10.381299319270628,52.1048543342589,11.458130973478774,1171.9320068359375,1189.4261474609375,1230.2991943359375
2022-11-24,1171.9320068359375,1178.7024981272687,1157.8911489931052,1165.9794167577484,9389439,1176.85302734375,1168.5398559570312,1170.46596901926,1163.3750491442718,0.008623415776582322,8.514157813394998,54.226238784008245,10.82664429279339,1189.4261474609375,1230.2991943359375,1232.4119873046875
2022-11-25,1189.4261474609375,1192.7431844497548,1173.295044904841,1176.430472976704,7349922,1176.2077880859374,1172.3215637207031,1173.913274190474,1165.8561061268113,0.014927607167442902,12.082098031252523,54.37116173043226,11.604053190628292,1230.2991943359375,1232.4119873046875,1241.1136474609375
2022-11-28,1230.2991943359375,1236.4335137804842,1136.8981171457083,1185.4730378039467,31527484,1180.22919921875,1176.4429321289062,1184.1652596714673,1171.993543099109,0.03436366937304314,28.048571978636527,64.00727315559976,15.341422269379109,1232.4119873046875,1241.1136474609375,1237.4556884765625
2022-11-29,1232.4119873046875,1241.2500078770877,1224.1419904117938,1228.6632233258865,11058913,1184.9958129882812,1180.1371704101562,1192.9373919684165,1177.7476806424975,0.0017173001319328307,32.709184126261924,64.92826914138685,18.263271302723524,1241.1136474609375,1237.4556884765625,1236.93310546875
2022-11-30,1241.1136474609375,1247.5206802015884,1226.0504438987869,1232.54834119291,26164986,1191.3119018554687,1184.7152099609375,1201.6967111488748,1183.782534625206,0.007060674714208792,30.449812966666453,72.68957736966915,21.038490343560397,1237.4556884765625,1236.93310546875,1218.8936767578125
2022-12-01,1237.4556884765625,1251.8600031393141,1234.1386516701657,1245.8619813701127,9485801,1196.957763671875,1188.7513793945313,1208.1983433902726,1188.8942635634303,-0.002947319926630776,20.957090719090548,65.31119578371205,22.68124938428241,1236.93310546875,1218.8936767578125,1222.4151611328125
2022-12-02,1236.93310546875,1248.6792715763747,1227.1408877532265,1240.5001400003844,11589592,1202.6149780273438,1192.5455749511718,1213.4228455863595,1193.469391363937,-0.00042230442082002995,4.297496274249078,67.94904773173918,23.668148000928113,1218.8936767578125,1222.4151611328125,1204.375732421875
2022-12-05,1218.8936767578125,1234.4794719283639,1216.871700030192,1232.3210781772725,14828536,1208.5925537109374,1194.5835388183593,1214.4175421629873,1195.8907518776393,-0.014583997009362304,8.65785797432806,61.9228739795366,22.73259393730359,1222.4151611328125,1204.375732421875,1203.8077392578125
2022-12-06,1222.4151611328125,1225.5050364637573,1209.146773966004,1211.0098577338963,8594245,1214.279296875,1196.48291015625,1215.8716547029555,1198.4168860924176,0.0028890824869705067,9.984611828402306,65.88721454256148,22.02146521722966,1204.375732421875,1203.8077392578125,1185.5638427734375
2022-12-07,1204.375732421875,1224.5963402295367,1200.5815364526634,1220.0523915216042,8462111,1218.525634765625,1197.5393798828125,1213.7814870154864,1198.9843952666517,-0.014757203022760623,13.802335148877168,57.545081069496476,19.774313471373944,1203.8077392578125,1185.5638427734375,1187.38134765625
2022-12-08,1203.8077392578125,1210.9645247591304,1199.6500849785011,1208.6925503476532,7757008,1221.7132080078125,1199.2831176757813,1211.968078332273,1199.443761361048,-0.00047160794490630487,13.813401003671508,57.57039255872615,17.74306619903882,1185.5638427734375,1187.38134765625,1192.7886962890625
2022-12-09,1185.5638427734375,1208.6925984914808,1182.2694016212881,1202.3309977712286,12655763,1221.3269775390625,1198.7673828125,1207.1673082306665,1198.1218643527043,-0.015155157995265012,14.625938043099621,58.70737947848567,14.494079400603823,1187.38134765625,1192.7886962890625,1188.471923828125
2022-12-12,1187.38134765625,1191.8798642806923,1174.6128344148897,1174.8401159938364,9479842,1217.0351928710938,1198.6321960449218,1203.5698608535,1197.098958000661,0.0015330299535458725,15.010052022739169,57.41394589996908,11.928388373671396,1192.7886962890625,1188.471923828125,1171.591064453125
2022-12-13,1192.7886962890625,1196.4237590933476,1184.473147579326,1187.381293975718,8333348,1213.0728637695313,1199.0343383789063,1201.6096491145113,1196.6884568852709,0.004554011770090405,8.905349481548111,60.35987329235896,10.213650982838317,1188.471923828125,1171.591064453125,1165.7974853515625
2022-12-14,1188.471923828125,1199.127475241392,1186.4271108317469,1198.5367354613884,7268947,1207.80869140625,1199.5602966308593,1199.2209717897138,1195.9059299274475,-0.003619058827743382,7.322208378166391,55.7704346937298,8.409442961993136,1171.591064453125,1165.7974853515625,1181.110595703125
2022-12-15,1171.591064453125,1188.244637773301,1168.2513114103942,1182.564761948623,8688551,1201.2222290039062,1199.0899963378906,1194.1973522739704,1193.5902284537024,-0.014203835224500638,8.037091060074816,43.7509676900586,5.553434300795743,1165.7974853515625,1181.110595703125,1191.334716796875
2022-12-16,1165.7974853515625,1189.9714223850988,1162.412300039899,1168.2513090093973,15837349,1194.1086669921874,1198.3618225097657,1189.03374010626,1190.943300539213,-0.0049450523116330025,11.77875980594305,20.03357341348608,2.7903678225159183,1181.110595703125,1191.334716796875,1174.3856201171875
2022-12-19,1181.110595703125,1183.246273075343,1166.2972711057284,1172.7951677670053,7729933,1190.3303588867188,1199.4614562988281,1187.5931683965991,1190.0068524595854,0.013135309128707418,11.280156756432946,28.770129330856022,1.8153317456688,1191.334716796875,1174.3856201171875,1171.3411865234375
2022-12-20,1191.334716796875,1193.2431129001116,1165.9794185762812,1174.1131186326063,7467588,1187.222314453125,1200.7508056640625,1188.273449923922,1190.1333157298034,0.00865636218229282,10.878077360863374,29.656505953052047,1.8463264536726456,1174.3856201171875,1171.3411865234375,1136.9888916015625
2022-12-21,1174.3856201171875,1196.4237592798247,1170.5687080191292,1190.9710448813423,8527550,1184.2233032226563,1201.3744689941407,1185.7483899590613,1188.6335351952687,-0.014226981251128423,9.796008900485198,26.75045448818331,0.49750460710606603,1171.3411865234375,1136.9888916015625,1146.917236328125
2022-12-22,1171.3411865234375,1183.541675654874,1166.3200787009303,1180.5199485444361,7451122,1180.9766479492187,1201.3449279785157,1183.1288984253115,1186.9866448455705,-0.0025923627994067777,9.830084514937651,26.262171993436993,-0.8077950135755145,1136.9888916015625,1146.917236328125,1156.3006591796875
2022-12-23,1136.9888916015625,1177.112082738486,1132.4676588679463,1164.7524600759673,10257115,1176.1191528320312,1198.7230651855468,1174.739806275539,1182.2249540604269,-0.02932731753745743,20.5186134649814,23.48877934368761,-4.561614026240704,1146.917236328125,1156.3006591796875,1156.1871337890625
2022-12-26,1146.917236328125,1155.073650986399,1132.5356390815007,1142.6914342154514,5990242,1172.0727416992188,1194.5539672851562,1169.681157194191,1178.8623142763981,0.00873213872175782,21.966874999094426,26.535773442829182,-6.658651405255796,1156.3006591796875,1156.1871337890625,1155.66455078125
2022-12-27,1156.3006591796875,1158.1636228081527,1142.9186909584178,1149.6210331376262,5763271,1168.4239379882813,1190.7484008789063,1167.2483393733721,1176.7135852195686,0.00818142979662917,15.893007570005487,34.208975235944564,-7.477212185211101,1156.1871337890625,1155.66455078125,1157.4365234375
2022-12-28,1156.1871337890625,1158.6181211536698,1145.7587436629801,1153.2562711921107,7459393,1165.195458984375,1186.5020751953125,1165.2372110853157,1174.75868508333,-9.817982003534897e-05,12.740788235131923,34.31141346399784,-8.042380494853205,1155.66455078125,1157.4365234375,1170.477783203125
2022-12-29,1155.66455078125,1158.209118855438,1147.5762834083114,1148.2578877514563,6930648,1163.6028076171874,1182.4125183105468,1163.4967273936672,1172.9401961021795,-0.0004519882573852385,8.485443103589022,38.847459232337656,-8.43521265266213,1157.4365234375,1170.477783203125,1161.912353515625
2022-12-30,1157.4365234375,1170.9775038842033,1154.6647942823151,1156.4823255378853,7289476,1162.7667114257813,1178.4376892089845,1162.3948721289096,1171.4636558484003,0.0015332932511014086,4.288544035497135,38.82668027037368,-8.505505411670129,1170.477783203125,1161.912353515625,1144.418212890625
2023-01-02,1170.477783203125,1171.88642405352,1157.8910002870925,1158.708901395193,5316175,1161.7034301757812,1176.01689453125,1163.8644923242216,1171.369763215517,0.011267364992849416,6.330092737945087,42.12382043253464,-7.423320835154755,1161.912353515625,1144.418212890625,1142.37353515625
2023-01-03,1161.912353515625,1169.1600029724839,1157.7092673063357,1165.5475363123066,7658932,1158.7611938476562,1172.9917541503905,1163.5095579953859,1170.469057529813,-0.007317891727991466,6.180274050831231,40.89702631283879,-7.174141317683507,1144.418212890625,1142.37353515625,1152.75634765625
2023-01-04,1144.418212890625,1163.7300547153022,1142.3506838068283,1161.8896870062515,9264891,1155.764453125,1169.993878173828,1160.0384043399747,1167.988024707033,-0.01505633413059737,9.503114132496778,40.725819219302295,-8.292702585275038,1142.37353515625,1152.75634765625,1179.974609375
2023-01-05,1142.37353515625,1152.5293324862785,1137.806869836127,1146.6676067944138,13637099,1152.8676879882812,1166.92216796875,1156.8266099429338,1165.5485495117202,-0.0017866525640224395,11.875995056473984,41.795372820988625,-9.237672712936273,1152.75634765625,1179.974609375,1162.52587890625
2023-01-06,1152.75634765625,1157.7774553339088,1144.3046224842542,1148.0988183662998,6349597,1154.44443359375,1165.2817932128905,1156.0865622544459,1164.330244573104,0.009088806927394222,11.852250087911608,39.71316361471949,-9.04450275354884,1179.974609375,1162.52587890625,1147.871826171875
2023-01-09,1179.974609375,1182.3375684218504,1155.687212453628,1156.5732620005954,10722753,1157.7501708984375,1164.9114562988282,1160.429843549092,1165.8201840780464,0.023611461150562674,15.326982395892518,46.33100513947873,-6.618830166738235,1162.52587890625,1147.871826171875,1123.0843505859375
2023-01-10,1162.52587890625,1184.155127696438,1156.891435377878,1184.155127696438,8047142,1158.3726928710937,1163.3983154296875,1160.8109408867572,1165.5064407283514,-0.014787377906370525,15.385620463817851,46.18195965621722,-6.034867691196723,1147.871826171875,1123.0843505859375,1121.266845703125
2023-01-11,1147.871826171875,1162.3442913861395,1145.5770152034006,1159.8451553432185,11509553,1157.541162109375,1161.368310546875,1158.4583745749605,1163.8269536277346,-0.012605356147565638,14.778220373899657,42.9699412251238,-6.677558075879915,1123.0843505859375,1121.266845703125,1110.5885009765625
2023-01-12,1123.0843505859375,1150.7570549852321,1120.0853394706564,1147.2810049505638,17688773,1154.2831420898438,1158.9429748535156,1152.0267338496835,1159.946705718992,-0.02159428868343527,20.852944954200936,45.58183987476204,-9.082341380411663,1121.266845703125,1110.5885009765625,1126.3560791015625
2023-01-13,1121.266845703125,1123.675117069892,1106.2717897707075,1117.0863548772086,20618583,1150.6661743164063,1156.7164428710937,1146.4340269139457,1156.2629095270047,-0.0016183155627307322,25.31440344853355,41.40666534709829,-11.00791454264322,1110.5885009765625,1126.3560791015625,1124.492919921875
2023-01-16,1110.5885009765625,1126.7421991055548,1102.8182596793808,1123.584175159578,13623855,1144.67724609375,1153.1903381347656,1139.9166585616942,1151.9129658555341,-0.009523464256063208,21.39619284089513,34.817349561720036,-13.242941932349595,1126.3560791015625,1124.492919921875,1123.2889404296875
2023-01-17,1126.3560791015625,1128.2644751675343,1113.5421334042796,1116.9046027544262,10751000,1141.1216186523438,1149.94140625,1137.451098659852,1149.47897664087,0.014197498093249994,13.663665856623549,41.025275658333506,-13.585302550411825,1124.492919921875,1123.2889404296875,1109.9296875
2023-01-18,1124.492919921875,1131.9450149571076,1117.9724269094495,1123.947732620178,13448286,1139.1290893554688,1147.4467712402343,1135.095066162038,1147.099352191442,-0.0016541475775349035,6.196343689324924,40.697001712266385,-13.847343623906454,1123.2889404296875,1109.9296875,1104.3177490234375
2023-01-19,1123.2889404296875,1127.4238787769261,1116.2911675478767,1123.6751148013898,11940054,1137.2206298828125,1145.0441589355469,1132.948497847065,1144.8316939284177,-0.0010706865920251385,6.21290021426096,39.77417701603382,-13.990885921617746,1109.9296875,1104.3177490234375,1097.7972412109375
2023-01-20,1109.9296875,1124.6293134044963,1107.475983857866,1124.6293134044963,14930286,1132.9379638671876,1143.6911987304688,1128.7632596021442,1141.5076933161874,-0.011892980023979649,7.994987712541596,31.902755541804524,-15.009602930778328,1104.3177490234375,1097.7972412109375,1082.620361328125
2023-01-23,1104.3177490234375,1120.6305800710875,1101.9094778576764,1112.8150268033937,10954118,1125.3722778320312,1141.5612243652345,1124.3186213151066,1137.9657938597352,-0.005056120707252032,9.896558636946803,32.476134799477336,-16.0843694354503,1097.7972412109375,1082.620361328125,1062.0816650390625
2023-01-24,1097.7972412109375,1110.3839043654414,1084.8014472016187,1108.7253859560433,16488755,1118.8994140625,1138.636053466797,1119.4965522052576,1134.1402174169925,-0.00590455764952269,11.710345186277765,34.79998185162751,-17.263279776740774,1082.620361328125,1062.0816650390625,1072.26025390625
2023-01-25,1082.620361328125,1097.2292417944516,1081.4617181061994,1096.2068953996695,12385018,1112.374267578125,1134.95771484375,1112.7917902275972,1129.233564456148,-0.013824847898207038,15.017084500171123,32.05507775553747,-19.20088621966579,1062.0816650390625,1072.26025390625,1069.5791015625
2023-01-27,1062.0816650390625,1084.8014072954272,1050.403647808396,1083.4610350495245,25830975,1106.2739990234375,1130.2785705566407,1103.5717674660455,1122.8381454640446,-0.018971282106560627,19.285851304253246,24.334404220340588,-22.138554946217027,1072.26025390625,1069.5791015625,1063.240478515625
2023-01-30,1072.26025390625,1077.781116815708,1045.564464693845,1059.5144571522903,21772103,1101.37333984375,1126.019757080078,1097.8787650006282,1118.0212034109213,0.009583621676411358,17.486730348606745,16.25631549723211,-23.375888825805077,1069.5791015625,1063.240478515625,1057.35595703125
2023-01-31,1069.5791015625,1084.9377325667872,1063.740093440895,1082.3703285922786,22691594,1097.2723999023438,1120.9748229980469,1092.7333716482412,1113.407669901548,-0.0025004678985186546,13.821340964333062,17.91378499513705,-24.292799159732567,1063.240478515625,1057.35595703125,1058.28759765625
2023-02-01,1063.240478515625,1081.438989315294,1047.3819702702858,1081.438989315294,19347800,1090.96083984375,1116.0412292480469,1087.371027442311,1108.6298421505076,-0.005926277951406433,8.260464053821698,19.004883753784426,-25.239980329258287,1057.35595703125,1058.28759765625,1050.3128662109375
2023-02-02,1057.35595703125,1066.920892525141,1050.1083077780725,1053.2890475640809,13662663,1084.2471435546875,1111.6881164550782,1081.9137419130273,1103.7466149962927,-0.005534516041554638,5.993264466827995,22.059179138787954,-26.163859251950953,1058.28759765625,1050.3128662109375,1047.791015625
2023-02-03,1058.28759765625,1067.3754956611733,1041.9293331709027,1067.3754956611733,24699575,1077.7470092773438,1107.483819580078,1077.618079320886,1099.4171847734315,0.0008811040584817409,6.64464504317168,23.02466192334559,-26.515213466289197,1050.3128662109375,1047.791015625,1068.7159423828125
2023-02-06,1050.3128662109375,1054.6523697762398,1047.7455820077842,1051.9259524136774,14837879,1071.7853271484375,1102.3616455078125,1072.6534951190772,1094.740583005575,-0.007535504963843365,7.171542705159482,23.57056299671143,-27.12448422283228,1047.791015625,1068.7159423828125,1070.578857421875
2023-02-07,1047.791015625,1057.560517598404,1041.9292904027159,1050.5628652677376,15135435,1066.1326538085937,1095.7524658203124,1068.1330443019722,1090.2691956359963,-0.002401047028049108,6.27320961876778,11.023636352625545,-27.493895440964025,1068.7159423828125,1070.578857421875,1061.763671875
2023-02-08,1068.7159423828125,1072.3284093286718,1048.290888887822,1051.017186057536,21160332,1063.2245239257813,1091.0619689941407,1068.239025771216,1088.2165048499787,0.019970515537710565,8.174414065653453,26.72997965958062,-25.80077451219927,1070.578857421875,1061.763671875,1055.72021484375
2023-02-09,1070.578857421875,1077.3039157739506,1060.559478401166,1069.3974980927496,13172763,1062.0203735351563,1087.1973205566405,1068.6644497076993,1086.536728904445,0.0017431339471822849,10.36810519110185,28.12972618156438,-24.03162073854446,1061.763671875,1055.72021484375,1080.598388671875
2023-02-10,1061.763671875,1070.0563840638993,1054.7886158361225,1070.0563840638993,10790445,1061.98857421875,1084.1312866210938,1067.4097628290267,1084.177390139736,-0.008234036648270271,10.413332135358436,29.232011385718593,-23.07487266049111,1055.72021484375,1080.598388671875,1105.0675048828125
2023-02-13,1055.72021484375,1067.8298390073717,1051.267130813873,1063.3767549774948,10352493,1060.3345703125,1080.853955078125,1065.2843904680672,1081.4671829686897,-0.00569190413209153,9.40996598510174,29.123636466606612,-22.544421335044717,1080.598388671875,1105.0675048828125,1104.2042236328125
2023-02-14,1080.598388671875,1082.3250555378218,1055.8565481440585,1058.7192622894795,14321920,1061.4364990234376,1079.3544494628907,1068.0687537778504,1081.3844406547073,0.02356512026418578,9.409987264677884,43.61830012782152,-19.8873254175935,1105.0675048828125,1104.2042236328125,1108.8162841796875
2023-02-15,1105.0675048828125,1107.4531801088635,1078.2809718116707,1079.6440602664363,33503591,1065.6192016601562,1078.290020751953,1074.795799433298,1083.6399705811934,0.022644042844642387,19.374793758755853,57.79178901784314,-15.626966634471728,1104.2042236328125,1108.8162841796875,1097.093017578125
2023-02-16,1104.2042236328125,1119.5401413378127,1101.9322491792432,1113.019527781497,17264487,1070.3040283203125,1077.2755859375,1080.1427856513915,1085.5984708718238,-0.0007812022760469439,23.053403586809797,66.93462266299184,-12.179859349866774,1108.8162841796875,1097.093017578125,1106.0445556640625
2023-02-17,1108.8162841796875,1112.1334412904273,1095.3661670147737,1099.6375221146495,11809520,1075.3568969726562,1076.551953125,1085.3561490201726,1087.8096911868583,0.00417681842558193,22.596750515134666,65.38532278830237,-8.972418791523978,1097.093017578125,1106.0445556640625,1080.9617919921875
2023-02-20,1097.093017578125,1113.1558521216361,1095.1390690194628,1110.9974583087273,8836937,1080.034912109375,1075.9101196289062,1087.4901251216183,1088.6938175098362,-0.010572776364152547,11.207055555206013,60.76075913590809,-7.292406358855487,1106.0445556640625,1080.9617919921875,1075.78173828125
2023-02-21,1106.0445556640625,1111.8152960708703,1096.161352929149,1101.4551746278107,13311592,1085.8602661132813,1075.9964599609375,1090.8636579475174,1090.3462687626195,0.008159324635661491,4.357868433305879,66.40547730375474,-5.17897014567734,1080.9617919921875,1075.78173828125,1083.14306640625
2023-02-22,1080.9617919921875,1104.181409716533,1079.2124090771258,1102.34116225432,11024335,1087.0848510742187,1075.1546875,1089.063318682912,1089.4525090701975,-0.022677896241544704,11.193568476632429,57.88675607048442,-5.46502867446884,1075.78173828125,1083.14306640625,1075.940673828125
2023-02-23,1075.78173828125,1088.1640768500556,1072.9872927091903,1080.5529686414243,9851910,1087.6051391601563,1074.8127563476562,1086.6484858826097,1088.1505308998217,-0.004792078452089177,14.79629112413918,55.6834838226616,-6.0400927332323135,1083.14306640625,1075.940673828125,1055.356689453125
2023-02-24,1083.14306640625,1088.8003468562933,1076.009116649248,1077.8266482510571,9434053,1089.7430786132813,1075.8658264160156,1086.011136886908,1087.6736295194814,0.006842771040862727,12.538659541289205,60.70853218512269,-5.834580077184,1075.940673828125,1055.356689453125,1065.0579833984375
2023-02-27,1075.940673828125,1085.846592046861,1068.6022799971277,1082.370422196558,11199715,1091.7651245117188,1076.0498474121093,1084.1801436034928,1086.5562051679237,-0.006649530243517776,12.527163434790053,58.90978553335384,-6.18162478221393,1055.356689453125,1065.0579833984375,1056.947021484375
2023-02-28,1055.356689453125,1075.55458156191,1051.3126158801917,1070.6016220746747,21994038,1089.2409545898438,1075.3387268066406,1078.9395155761533,1083.5848227188953,-0.019131151815056424,11.026056561289392,45.76245197672735,-8.025107281514238,1065.0579833984375,1056.947021484375,1083.9154052734375
2023-03-01,1065.0579833984375,1065.7850199744744,1055.6746563210354,1065.1034156724897,11551145,1085.2400024414062,1075.4296020507813,1076.4156006347505,1081.8203618312327,0.009192431376295662,10.894199945548822,48.33173861113837,-8.60408456844516,1056.947021484375,1083.9154052734375,1094.5029296875
2023-03-02,1056.947021484375,1068.5796069332716,1054.9249246750653,1061.9226969308686,9333535,1080.5142822265625,1075.4091552734376,1072.8758589710458,1079.451472274389,-0.007615512057082219,12.046958861943388,48.53831541388589,-9.606675306980833,1083.9154052734375,1094.5029296875,1098.433349609375
2023-03-03,1083.9154052734375,1087.5733043694927,1063.9902277008234,1067.443561368033,14643807,1078.0241943359374,1076.6905456542968,1074.8830492078444,1079.876608750489,0.025515360033077306,12.303285803687354,57.59206290458406,-8.131379027139246,1094.5029296875,1098.433349609375,1072.032958984375
2023-03-06,1094.5029296875,1101.7278641326047,1090.5497203643376,1090.5497203643376,10171916,1077.765185546875,1078.900048828125,1078.4503002041454,1081.269591696871,0.009767851220263468,17.295813362283138,54.0562156895702,-6.038265988225476,1098.433349609375,1072.032958984375,1055.4249267578125
2023-03-08,1098.433349609375,1099.1831022898903,1083.7336057675889,1094.5027369272827,15782657,1077.0040649414063,1081.4321655273438,1082.083581914187,1082.9042353075856,0.0035910547292890005,18.1651864328389,47.80121035183385,-4.016012690599609,1072.032958984375,1055.4249267578125,1038.06689453125
2023-03-09,1072.032958984375,1098.2288726400263,1070.147279158801,1097.8199821583767,16235128,1076.111181640625,1081.5980163574218,1080.2561959269485,1081.868875657756,-0.024034585834806,16.982090885387258,40.88097276267283,-4.491873744418626,1055.4249267578125,1038.06689453125,1034.181884765625
2023-03-10,1055.4249267578125,1065.103564973256,1051.9487563495386,1063.9676377715205,13334091,1074.0755004882812,1080.8403198242188,1075.7414197143783,1079.3504043339517,-0.01549209106620808,17.52959806972993,35.8297425663023,-6.13836718363882,1038.06689453125,1034.181884765625,1016.5057983398438
2023-03-13,1038.06689453125,1065.1034247048499,1033.750107312473,1058.287501818403,12771592,1069.5678833007812,1079.6554809570312,1068.8915060447184,1075.418641495599,-0.016446486894984624,25.645759564665926,34.789206465048096,-8.743088350005792,1034.181884765625,1016.5057983398438,1011.439208984375
2023-03-14,1034.181884765625,1047.3592882483779,1031.0465769110588,1036.0221323528851,16027522,1065.3920043945313,1078.578564453125,1062.580665812156,1071.4913313308396,-0.0037425427841808467,26.409231529640493,30.984744487116956,-10.99410328102681,1016.5057983398438,1011.439208984375,1010.1671142578125
2023-03-15,1016.5057983398438,1044.3375136051593,1012.120862693993,1037.8851690827282,21728555,1061.5069152832032,1075.3739349365235,1054.2034171808266,1066.2546139031256,-0.017091854620705504,21.219300803147952,32.248798905660266,-14.042488217859955,1011.439208984375,1010.1671142578125,1000.2384033203125
2023-03-16,1011.439208984375,1024.2077207730244,1000.6700777539616,1019.20944966423,18363159,1056.145037841797,1070.6925201416016,1046.4281065996536,1061.0340991489588,-0.004984319188088726,17.67252317706214,32.26896579563497,-16.674968009059057,1010.1671142578125,1000.2384033203125,1031.341796875
2023-03-17,1010.1671142578125,1023.2763697645565,1005.4413760837782,1020.0047649704466,34014213,1051.4670471191407,1065.9906646728516,1039.835198901137,1056.189624397421,-0.0012577075470900922,13.117270201705518,29.191487228824414,-18.648901692498384,1000.2384033203125,1031.341796875,1034.477294921875
2023-03-20,1000.2384033203125,1008.7583365239902,990.5824830291841,1006.4863623490892,19524589,1043.099346923828,1060.5617706298829,1032.6357815228052,1050.8609366757917,-0.00982878060210346,12.479333768078071,28.744573491699754,-20.77494175638958,1031.341796875,1034.477294921875,1021.390625
2023-03-21,1031.341796875,1033.2957451749278,1007.3951430408976,1008.2811925498517,21400360,1036.7832336425781,1057.2742095947265,1032.4005115868406,1049.0019709804783,0.031095980169766557,11.375722151897772,43.63327564133267,-19.722708796313555,1034.477294921875,1021.390625,1001.1699829101562
2023-03-22,1034.477294921875,1041.2250703817986,1031.4782836063534,1038.2942074878824,10920094,1030.387628173828,1053.6958465576172,1032.7781085568467,1047.6186684987065,0.003040212329584291,14.733343453518405,41.60014860524987,-18.423424338995574,1021.390625,1001.1699829101562,1016.7329711914062
2023-03-23,1021.390625,1031.4327203269945,1019.2322313496287,1030.569386905087,16249370,1025.3233947753906,1050.7172882080079,1030.7076570010563,1045.1207595940677,-0.012650514405793012,14.372118723692202,40.49328964202721,-18.239463754078315,1001.1699829101562,1016.7329711914062,1021.4814453125
2023-03-24,1001.1699829101562,1022.3902814688943,998.7617116838695,1020.231887763167,12375945,1019.897900390625,1046.9867004394532,1025.3371708027107,1040.934971338457,-0.019797168286955547,16.273774867056158,27.04819756447307,-19.500520627716696,1016.7329711914062,1021.4814453125,1015.43798828125
2023-03-27,1016.7329711914062,1024.207782359069,999.7613722312702,1007.6224178329715,14054323,1017.7645080566406,1043.666195678711,1023.7727708733826,1038.6300189434999,0.015544801129586672,13.230432746098531,29.007708040145204,-19.02480805183268,1021.4814453125,1015.43798828125,1059.218994140625
2023-03-28,1021.4814453125,1025.3437895017669,1016.4830539075199,1020.1182367301237,12576424,1016.4944641113282,1040.9432342529296,1023.3561662259493,1036.9968214548333,0.00467032569577186,11.983900792958405,29.31985384573494,-18.056496182983437,1015.43798828125,1059.218994140625,1059.4007568359375
2023-03-29,1015.43798828125,1020.0273690208079,1004.7142290356181,1017.391816410892,18804065,1016.3876831054688,1038.947299194336,1021.9164975087314,1034.9435992478252,-0.005916364960893761,8.321948943304262,32.92201367488373,-17.574174383010586,1059.218994140625,1059.4007568359375,1056.856201171875
2023-03-31,1059.218994140625,1064.8535577563764,1024.5259234682055,1024.6622202928697,28171201,1021.1656616210937,1038.6553497314453,1028.698769623621,1037.255541618568,0.04311539095900829,21.71950202356028,50.98358839985316,-13.503509549429054,1059.4007568359375,1056.856201171875,1063.9447021484375
2023-04-03,1059.4007568359375,1067.3754434349298,1051.9259454677697,1065.5579119993613,10293043,1026.0890258789063,1038.7780364990235,1034.2809491167695,1039.364609734508,0.00017160067589228056,22.801186094860935,56.07136802494594,-10.145856492730218,1056.856201171875,1063.9447021484375,1056.4017333984375
2023-04-05,1056.856201171875,1066.9210129823457,1048.995215362799,1066.9210129823457,16262928,1031.7508056640625,1037.4250762939453,1038.385540399516,1041.0304755856857,-0.0024018820523238338,22.053292211015016,56.50245643219764,-7.602578834697852,1063.9447021484375,1056.4017333984375,1061.6273193359375
2023-04-06,1063.9447021484375,1069.6474143387793,1053.3572991214214,1053.3572991214214,18435046,1035.0110961914063,1035.897164916992,1043.0326607175018,1043.2127828773762,0.006707157481502746,20.028964445758003,64.48389278879213,-4.957878838568149,1056.4017333984375,1061.6273193359375,1066.3076171875
2023-04-10,1056.4017333984375,1068.0116029231133,1054.9022279148219,1067.829873819937,12961408,1037.2035400390625,1033.7955841064454,1045.4634012049446,1044.4688734031915,-0.007089624803590211,2.99458854669124,63.52331838301597,-3.4310386981410375,1061.6273193359375,1066.3076171875,1070.3291015625
2023-04-11,1061.6273193359375,1063.7402807994256,1056.0383079017138,1060.559540630498,10542367,1041.2272094726563,1033.2753021240235,1048.4022954105797,1046.1030111110722,0.0049465897037950235,3.1926812346055935,65.11808301493798,-1.7788404085113143,1066.3076171875,1070.3291015625,1075.7589111328125
2023-04-12,1066.3076171875,1075.9179854968688,1058.7646577412916,1061.6272515959452,18179087,1047.7409729003907,1033.8194366455077,1051.657808460929,1048.027259308827,0.004408607207367465,4.3458871271839365,70.02755255188583,-0.09075427994753227,1070.3291015625,1075.7589111328125,1063.4449462890625
2023-04-13,1070.3291015625,1075.0093475188144,1064.1947822733791,1069.1930541875877,12378208,1053.1005859375,1035.4325469970704,1055.052589024851,1050.1512442853673,0.00377141109205148,5.20487256572766,64.13978099507607,1.5536567313768046,1075.7589111328125,1063.4449462890625,1068.7386474609375
2023-04-17,1075.7589111328125,1101.8866740573628,1067.3980510351955,1101.8866740573628,17929479,1058.5283325195312,1037.5113983154297,1058.817374862662,1052.5900696994097,0.005073028064345619,7.504716551110618,64.7267927565112,3.257454649204419,1063.4449462890625,1068.7386474609375,1066.034912109375
2023-04-18,1063.4449462890625,1080.0985197030036,1056.9243329412964,1080.0985197030036,10405576,1063.3290283203125,1039.8583557128907,1059.658751485644,1053.6238674698527,-0.011446770011677598,5.6693658852447095,65.08561574853351,3.5729064816282516,1068.7386474609375,1066.034912109375,1067.37548828125
2023-04-19,1068.7386474609375,1071.4195123263064,1059.741614492453,1062.8542061722762,12273475,1064.2809936523438,1042.7233276367188,1061.30964166297,1055.0633703261465,0.004977879852029687,4.625738649246967,77.14504575237761,4.201628022376326,1066.034912109375,1067.37548828125,1071.465087890625
2023-04-20,1066.034912109375,1071.9193532094926,1059.6961482625013,1069.692811176778,7007330,1064.9444091796875,1045.5167175292968,1062.1687817441348,1056.1082790674063,-0.0025298377278542006,4.665615726832656,72.08882092578222,4.430651731129501,1067.37548828125,1071.465087890625,1079.666748046875
2023-04-21,1067.37548828125,1072.8282030082607,1061.6500596936005,1068.1252410633845,7647317,1065.996337890625,1048.8735717773438,1063.1154556599738,1057.1813466115818,0.0012575349612353737,4.620073893264145,71.20965266996426,4.666535052483368,1071.465087890625,1079.666748046875,1073.328125
2023-04-24,1071.465087890625,1081.8706418346944,1066.9210188410907,1079.1897769115358,12936186,1066.7483764648437,1050.879736328125,1064.6335706110012,1058.5417029238718,0.0038314535552623763,2.992604805004889,76.36878402570154,5.124399902126925,1079.666748046875,1073.328125,1080.1212158203125
2023-04-25,1079.666748046875,1081.7342770992536,1068.0569991057368,1075.1000833366595,9236126,1069.0748779296875,1053.139208984375,1067.366875599342,1060.5536119832054,0.007654621927436267,5.423113833665027,64.46948337341405,6.078991692492991,1073.328125,1080.1212158203125,1099.8648681640625
2023-04-26,1073.328125,1084.2336751201349,1069.6702254865136,1081.0073822687018,8617834,1070.2449584960937,1055.736083984375,1068.4507391267343,1061.7702322705193,-0.0058709069797153735,5.405792786442122,59.06551887984312,6.251969841405071,1080.1212158203125,1099.8648681640625,1109.20263671875
2023-04-27,1080.1212158203125,1083.2792397187284,1074.191342363561,1079.189733985385,9167125,1071.626318359375,1059.683645629883,1070.5726439801122,1063.5179449895472,0.0063289973141367195,5.467562525026387,64.34985310349916,6.858145495405097,1099.8648681640625,1109.20263671875,1099.68310546875
2023-04-28,1099.8648681640625,1101.4099263842236,1082.2570938243377,1082.3706745336378,15565210,1074.5798950195312,1063.8402404785156,1075.8985029226485,1066.9795567204533,0.01827910798766741,11.271023854954564,69.16380981160387,8.829906146383337,1109.20263671875,1099.68310546875,1112.360595703125
2023-05-02,1109.20263671875,1111.361030519598,1103.3181951274973,1106.9988106394346,12981805,1077.924267578125,1068.226300048828,1081.953799976485,1071.0008024345768,0.008489923466938665,15.29832938857057,77.64053028511836,11.01900037420296,1099.68310546875,1112.360595703125,1109.5206298828125
2023-05-03,1099.68310546875,1110.9975466381402,1096.4796487993453,1110.9975466381402,7061872,1081.5480834960938,1072.4385559082032,1085.1773100659877,1073.7324503425934,-0.008582319348032552,15.046539830894375,69.06459333947308,11.849137229341295,1112.360595703125,1109.5206298828125,1123.2205810546875
2023-05-04,1112.360595703125,1114.564421653396,1097.1838117593734,1100.1601065895743,8635233,1085.9102783203125,1075.095635986328,1090.1197256363762,1077.4113213293106,0.011528312266806173,12.574317269710733,71.35945086600478,13.37580621170082,1109.5206298828125,1123.2205810546875,1126.69677734375
2023-05-05,1109.5206298828125,1118.4267984938415,1106.9079133744922,1109.1798878043744,8746585,1090.2588500976562,1077.601629638672,1093.6471627720919,1080.4693507153584,-0.0025530981871192404,5.928154229089897,68.37852349915336,14.192933568775743,1123.2205810546875,1126.69677734375,1134.4443359375
2023-05-08,1123.2205810546875,1128.5597141757223,1110.6110827431748,1113.2692311404737,9153782,1095.843359375,1080.9198486328125,1099.024147914382,1084.5408964619612,0.012347630862277859,8.433266909185953,70.65467070970648,15.764263830123582,1126.69677734375,1134.4443359375,1127.0377197265625
2023-05-09,1126.69677734375,1129.9912183396398,1119.290114376559,1124.6292481933926,6464721,1101.3665283203125,1084.0574523925782,1104.0555350833579,1088.555742260227,0.0030948473947995936,10.88018912163292,79.82014417471314,17.093016715148906,1134.4443359375,1127.0377197265625,1128.8778076171875
2023-05-10,1134.4443359375,1135.9211253467272,1127.446563252221,1131.4453248412979,10872255,1106.844287109375,1087.9595825195313,1109.5807716022928,1092.9260845152053,0.006876347522725146,10.298552034519549,80.27649624427248,18.55730907169118,1127.0377197265625,1128.8778076171875,1131.1044921875
2023-05-11,1127.0377197265625,1140.3059886325332,1125.3336486663607,1135.5121619830659,10557860,1112.2152465820313,1091.2301025390625,1112.7547621703418,1096.1748116781916,-0.0065288493902317946,9.160715843546132,76.94178028648909,18.90222618809048,1128.8778076171875,1131.1044921875,1114.99609375
2023-05-12,1128.8778076171875,1130.2637323324755,1116.2228762779578,1122.2663301444138,6955341,1117.0909057617187,1094.3586120605469,1115.6862249788592,1099.2893827200007,0.0016326764032985608,4.1155758888459735,77.0430701418209,19.103838049044498,1131.1044921875,1114.99609375,1108.4073486328125
2023-05-15,1131.1044921875,1138.0567125858797,1123.7886933664054,1131.3999221918086,6833343,1120.2148681640624,1097.3973815917968,1118.4895462895213,1102.3193931454769,0.00197247616640861,3.2109748710525374,76.66070769841946,19.221715762819258,1114.99609375,1108.4073486328125,1106.021728515625
2023-05-16,1114.99609375,1135.8073202110538,1113.3374551908087,1133.2627523170945,8717229,1120.7942138671874,1099.3592407226563,1117.8543731005175,1103.5266979649552,-0.014241300029095627,7.4070871597274035,64.75060089415496,17.810018759932746,1108.4073486328125,1106.021728515625,1109.6114501953125
2023-05-17,1108.4073486328125,1120.0852459817609,1103.7271032383842,1119.1764803056624,8798967,1121.6666381835937,1101.6073608398438,1116.1367322882074,1103.9915218380845,-0.005909209148014072,9.866023079296237,64.61564439362945,15.975427266728275,1106.021728515625,1109.6114501953125,1115.541259765625
2023-05-18,1106.021728515625,1116.4501175173966,1102.8863008214023,1113.0648123295457,10525531,1121.0327514648438,1103.4715148925782,1114.2976406931925,1104.1848748549933,-0.0021522954716333142,11.559688540568674,61.202811883237366,14.165707229749842,1109.6114501953125,1115.541259765625,1115.3367919921875
2023-05-19,1109.6114501953125,1111.4291017814717,1099.1149119209986,1106.0218196807168,8050447,1121.0418334960937,1105.650341796875,1113.4456060572143,1104.7016915540712,0.003245615874567953,10.096308827250919,54.900521452210036,12.872762409075222,1115.541259765625,1115.3367919921875,1108.8389892578125
2023-05-22,1115.541259765625,1120.539651102296,1105.2492875108546,1106.4533629289124,7434906,1120.2739013671876,1108.0586303710938,1113.826634004198,1105.734031383743,0.005344041438350988,4.182979418066914,53.300115668653795,12.186106547670306,1115.3367919921875,1108.8389892578125,1108.7027587890625
2023-05-23,1115.3367919921875,1121.4483940779485,1113.9281511842048,1118.1086413363598,6092034,1119.1379028320312,1110.252215576172,1114.1012081838326,1106.6485800131186,-0.00018329019356977394,4.2679789659109915,59.0252821918271,11.49294448005412,1108.8389892578125,1108.7027587890625,1138.94287109375
2023-05-24,1108.8389892578125,1119.630957590089,1105.749113749558,1111.4063935962217,8112254,1116.5773681640626,1111.7108276367187,1113.1444411063744,1106.8571904173753,-0.005825866035288563,4.206765361624991,47.813797274010035,10.300551821714635,1108.7027587890625,1138.94287109375,1145.349609375
2023-05-25,1108.7027587890625,1112.8151011277312,1097.8427615845399,1105.9537453747698,11487863,1114.7438720703126,1113.479559326172,1112.3368625032267,1107.0329588337263,-0.00012285865672989615,3.5166910903231887,49.474631771761224,9.238088455745356,1138.94287109375,1145.349609375,1145.054443359375
2023-05-26,1138.94287109375,1140.0787982471202,1113.6102893364032,1116.904610291511,12626260,1115.7503784179687,1116.4206420898438,1117.1743186105946,1110.0719980965857,0.027275220580957216,12.45706266618711,58.32942074255153,10.712713427445351,1145.349609375,1145.054443359375,1122.311767578125
2023-05-29,1145.349609375,1149.6209640491697,1139.260723455887,1145.5313384612555,10010304,1117.1748901367187,1118.6948791503905,1122.2970987495773,1113.431770599292,0.005625162107645965,17.43851771491058,59.58437035847618,12.257043015430327,1145.054443359375,1122.311767578125,1119.2901611328125
2023-05-30,1145.054443359375,1153.1199946776444,1142.509755067562,1145.349753161613,11342504,1120.1807250976562,1120.4874694824218,1126.4347977695406,1116.4434537193,-0.00025770822568849105,18.984510149808074,55.903937226090946,13.303760440491942,1122.311767578125,1119.2901611328125,1115.63232421875
2023-05-31,1122.311767578125,1140.4649655887667,1118.267694287889,1135.9891655098565,27107927,1121.5711669921875,1121.6189025878907,1125.685155916556,1117.0023407534738,-0.019861654538038565,16.073512273028186,47.75365976779404,12.157997842927898,1119.2901611328125,1115.63232421875,1125.6517333984375
2023-06-01,1119.2901611328125,1129.1279320638168,1116.9046059479208,1126.969538270473,14592692,1122.8980102539062,1121.965380859375,1124.522429592239,1117.2202284086488,-0.0026923057679711926,12.532561569949792,45.49341644729141,10.880728081758207,1115.63232421875,1125.6517333984375,1126.60595703125
2023-06-02,1115.63232421875,1128.196393125224,1113.723928040502,1122.811826505655,15800644,1123.50009765625,1122.2709655761719,1122.9060467970592,1117.0689994381823,-0.0032679970226491273,14.50319728962733,42.82399806145812,9.464227995597412,1125.6517333984375,1126.60595703125,1135.1485595703125
2023-06-05,1125.6517333984375,1128.6053121788445,1117.1090229973545,1121.085068396339,10908682,1124.5111450195313,1122.3925231933595,1123.4052625427641,1117.8864026724923,0.008980924057308881,11.494111889500672,55.23793979528524,9.045849139057736,1126.60595703125,1135.1485595703125,1135.830078125
2023-06-06,1126.60595703125,1130.4001532166621,1118.722254852153,1128.4690410109154,7493309,1125.6380615234375,1122.3879821777343,1123.9872069952162,1118.7168364209454,0.0008477076919088944,4.5410927440689575,59.47040969433325,8.691093240522605,1135.1485595703125,1135.830078125,1127.7874755859375
2023-06-07,1135.1485595703125,1135.989176828128,1123.5386905370437,1130.0820196952836,10312545,1128.2690185546876,1122.423193359375,1126.016543827052,1120.2817624351708,0.00758260018575907,7.498759801268341,64.24456471773784,8.995567958569609,1135.830078125,1127.7874755859375,1128.7869873046875
2023-06-08,1135.830078125,1143.6457515710592,1131.899585359948,1138.7155083681228,12071109,1130.9817504882812,1122.862811279297,1127.8008227903151,1121.7625544056307,0.000600378293168502,8.254894819603514,63.1977122154863,9.185969084381213,1127.7874755859375,1128.7869873046875,1145.46337890625
2023-06-09,1127.7874755859375,1139.8743850627466,1125.9925399615922,1139.170064535181,5877018,1129.8662109375,1122.8082946777345,1127.7983960258828,1122.3363564228027,-0.007080814898245191,4.889019742743082,56.036008716987894,8.58888521591075,1128.7869873046875,1145.46337890625,1159.5496826171875
2023-06-12,1128.7869873046875,1131.0816777652867,1120.0852643496842,1124.8564945620458,6391969,1128.2099487304688,1122.6924194335938,1127.9781398947564,1122.9507022210773,0.0008862589276679156,4.327935890685659,56.577882211349035,8.102938559021823,1145.46337890625,1159.5496826171875,1159.86767578125
2023-06-13,1145.46337890625,1146.6448585440896,1129.741286337972,1133.7173319025067,11248016,1128.2508422851563,1124.2157836914062,1131.1572742604826,1125.0947666672844,0.01477372771755836,7.071572707500037,66.28957875682607,8.96018038227885,1159.5496826171875,1159.86767578125,1171.159423828125
2023-06-14,1159.5496826171875,1160.9810398065779,1143.7140091659376,1145.5315407318087,13277380,1131.9746337890624,1126.772900390625,1136.319530325338,1128.376187233942,0.012297471896821177,13.256795416782014,70.11879875888238,10.653392016959288,1159.86767578125,1171.159423828125,1159.5269775390625
2023-06-15,1159.86767578125,1164.4116242878063,1152.1201510303479,1159.5268135380984,11813494,1136.0323852539063,1129.4651977539063,1140.6010113173222,1131.3753766194,0.00027423849864272043,15.728758880153102,60.84809777311998,11.883943128249939,1171.159423828125,1159.5269775390625,1161.9351806640625
2023-06-16,1171.159423828125,1173.4313981302719,1163.3437504987226,1163.3437504987226,24171579,1141.5850952148437,1132.5425964355468,1146.1570863192865,1135.1643334964215,0.009735376097337323,16.301017242439865,62.735576297567015,13.613386798917873,1159.5269775390625,1161.9351806640625,1165.2069091796875
2023-06-19,1159.5269775390625,1174.1585755296505,1155.369322961202,1174.1585755296505,6798554,1144.9726196289062,1134.7418823242188,1148.587975631973,1137.4845853100064,-0.009932419150110228,9.11537282261059,56.42271067112909,13.885281289357408,1161.9351806640625,1165.2069091796875,1152.1201171875
2023-06-20,1161.9351806640625,1165.070488566,1151.893084884151,1157.5957972211602,6921096,1148.5055419921875,1137.0718017578124,1151.014740183262,1139.813213438964,0.0020768840843281566,4.993357906685163,71.45693937098338,14.132174586261726,1165.2069091796875,1152.1201171875,1142.6915283203125
2023-06-21,1165.2069091796875,1167.728761153971,1157.800246036839,1161.889751966922,6961603,1151.511376953125,1139.8901977539062,1153.5951345462483,1142.2316606523664,0.0028157582024113115,4.821824402861105,74.79774166838072,14.42555167099431,1152.1201171875,1142.6915283203125,1133.9671630859375
2023-06-22,1152.1201171875,1169.2962804989265,1150.5297472760415,1161.4352954861522,7619166,1153.140380859375,1142.0610656738281,1153.3269495719305,1143.1734184176173,-0.011231303118002134,7.034040609030461,67.88416112426079,13.447051146311196,1142.6915283203125,1133.9671630859375,1134.3760986328125
2023-06-23,1142.6915283203125,1151.1659695700039,1141.441900396204,1149.1211566554268,6628570,1154.6307861328125,1142.2484985351562,1151.393236617091,1143.1275241226358,-0.008183685647468852,9.002270875645479,58.400554620756395,11.775038789746077,1133.9671630859375,1134.3760986328125,1149.3939208984375
2023-06-26,1133.9671630859375,1142.9869124040958,1130.8545713330911,1139.1700001634836,12641159,1155.1488037109375,1141.679376220703,1148.2248596114266,1142.2551087858076,-0.007634925977966556,13.054192155358175,53.37079970620163,9.6349083630314,1134.3760986328125,1149.3939208984375,1158.8226318359375
2023-06-27,1134.3760986328125,1140.3058517527372,1129.9230146151945,1134.4215309070003,9689466,1154.0400756835938,1141.145458984375,1145.7069030698603,1141.5047268664748,0.0003606237995130712,13.197297995971795,49.61780977459957,7.8809901137829,1149.3939208984375,1158.8226318359375,1188.5628662109375
2023-06-28,1149.3939208984375,1153.1881169201986,1135.0122016455275,1141.896393407388,11354006,1153.0244995117187,1142.4995666503905,1146.3772699477836,1142.2560786790427,0.01323883876231613,8.35039049298324,55.877216088386476,7.615028701928395,1158.8226318359375,1188.5628662109375,1176.3167724609375
2023-06-30,1158.8226318359375,1161.7307784588775,1151.1888070463274,1157.0732487107562,11151555,1152.9199951171875,1144.4761901855468,1148.640063018357,1143.833845646366,0.008203202371324547,10.531881264520303,63.28792525646574,8.072021303587462,1188.5628662109375,1176.3167724609375,1174.3856201171875
2023-07-03,1188.5628662109375,1191.425580555085,1161.1400387375704,1162.3669506539804,12154387,1154.6603393554688,1148.1227172851563,1155.8987545079171,1148.0937523668013,0.025664181521793505,22.476208944924245,70.53867873722216,10.710515442453243,1176.3167724609375,1174.3856201171875,1199.03662109375
2023-07-04,1176.3167724609375,1192.788615416969,1169.2735683249591,1192.788615416969,8061643,1156.3393188476562,1150.6559692382812,1159.6111214084663,1150.7816590424334,-0.01030327810008047,21.455575015704092,60.93394323802635,11.678758181536523,1174.3856201171875,1199.03662109375,1196.6964111328125
2023-07-05,1174.3856201171875,1185.5183304828597,1170.432411192628,1185.5183304828597,10248062,1157.5843627929687,1153.0449523925781,1162.297393900961,1153.029655335267,-0.0016416941328736279,15.427176349504363,55.75327058208692,12.1502096199888,1199.03662109375,1196.6964111328125,1242.794921875
2023-07-06,1199.03662109375,1201.6266214253383,1170.546016490242,1170.546016490242,19117987,1160.967333984375,1156.23935546875,1168.977253390559,1157.4112711217892,0.02099055076483536,15.228511768813465,62.77794149270849,14.347578094171467,1196.6964111328125,1242.794921875,1256.2677001953125
2023-07-07,1196.6964111328125,1210.9417123971473,1194.15172307179,1197.3325831480681,13375267,1165.4249633789063,1159.2826721191407,1174.017100252787,1161.1527130276008,-0.0019517418565604405,11.3423665619158,58.84757650525824,15.718974501913408,1242.794921875,1256.2677001953125,1257.653564453125
2023-07-10,1242.794921875,1252.3145466417043,1215.5085119378625,1221.8245601360636,33240016,1175.435302734375,1165.0330444335937,1186.522158729553,1168.9281614892577,0.03852147488146129,27.554680970426023,73.2875183072338,20.291670840667166,1256.2677001953125,1257.653564453125,1246.4073486328125
2023-07-11,1256.2677001953125,1258.6759714064597,1243.9536302912918,1250.9058502676546,20069348,1187.6653564453125,1171.407080078125,1199.2031662687818,1177.2462127945962,0.010840709181516583,34.30811832769169,74.84436345585786,24.71777512204426,1257.653564453125,1246.4073486328125,1245.3623046875
2023-07-12,1257.653564453125,1273.2166423107678,1254.8817149747802,1256.9946762890331,18733835,1199.9931030273438,1177.0165893554688,1209.8305113932079,1184.9040558096942,0.001103159985405222,30.35243753197953,74.59197013593527,28.014389868794296,1246.4073486328125,1245.3623046875,1270.8084716796875
2023-07-13,1246.4073486328125,1271.8535100977601,1243.794632147719,1264.992154591986,14682934,1209.6944458007813,1181.35947265625,1216.4808454367724,1190.7615122690388,-0.008942220765861486,25.001732126222663,75.32962243695313,29.38082135857303,1245.3623046875,1270.8084716796875,1281.600341796875
2023-07-14,1245.3623046875,1254.5410670168455,1238.2736675009803,1249.5881074417618,15124144,1218.3484130859374,1185.6342041015625,1221.7320198459954,1195.9615877374638,-0.0008384449485626666,6.777372109191099,78.8827908388684,30.033197836596173,1270.8084716796875,1281.600341796875,1291.3243408203125
2023-07-17,1270.8084716796875,1279.1466167196916,1239.5914489485467,1248.225023984058,22220040,1226.5729736328126,1190.6166564941407,1230.655011088485,1203.089862398628,0.020432742260151127,10.305646990007252,85.18517821025156,32.23195400722648,1281.600341796875,1291.3243408203125,1289.760498046875
2023-07-18,1281.600341796875,1289.3250310279557,1269.127138140066,1280.0326878114854,25867313,1237.1013305664062,1196.7203247070313,1239.9177984900105,1210.5670509127467,0.008492129504710899,15.710304047975455,85.93610609375214,34.44820042937931,1291.3243408203125,1289.760498046875,1249.834716796875
2023-07-19,1291.3243408203125,1297.7540895736324,1270.944719940005,1285.9397747939042,39122156,1248.7952026367188,1203.1897827148437,1249.2644425500653,1218.258221380134,0.007587387976039306,20.68540898272488,85.56300376339087,36.56770737248689,1289.760498046875,1249.834716796875,1224.554931640625
2023-07-20,1289.760498046875,1295.224991076979,1270.1421687973038,1270.1421687973038,38717624,1257.8675903320313,1209.417462158203,1256.6273617313034,1225.0679620150618,-0.001211037942988158,18.847474166425204,84.15479660465385,37.686812734903924,1249.834716796875,1224.554931640625,1223.767333984375
2023-07-21,1249.834716796875,1287.3235564344566,1242.3763715855305,1284.4190157057792,30249238,1263.1814208984374,1214.3031921386719,1255.3923353795892,1227.4267005657107,-0.030955965321050605,17.065381328071954,65.17617691646706,34.9491627312716,1224.554931640625,1223.767333984375,1243.65625
2023-07-24,1224.554931640625,1238.1179088392782,1215.6443158350814,1221.4042392370138,23727866,1261.357421875,1218.3963623046875,1249.7855346997776,1227.1531987633216,-0.020226502605910968,29.232916381133744,61.22328070939784,30.38937815492136,1223.767333984375,1243.65625,1232.0872802734375
2023-07-25,1223.767333984375,1233.3179681079685,1220.9119513502328,1227.8041962368873,12026020,1258.1073852539062,1222.8863708496094,1245.0549527515227,1226.830735451041,-0.0006431705396791054,33.36619964629777,61.55080974307168,26.407751358650557,1243.65625,1232.0872802734375,1244.46875
2023-07-26,1243.65625,1253.8961800235134,1223.3733833366434,1223.3733833366434,12911012,1256.7076538085937,1228.3503784179688,1244.8006431603367,1228.4331654080847,0.016252203718226443,26.874088244386094,60.67472694351965,24.573880344486952,1232.0872802734375,1244.46875,1255.00390625
2023-07-27,1232.0872802734375,1249.2932542715916,1226.0074074454076,1247.521034743089,17226898,1255.2756469726562,1232.4850463867188,1242.489122635446,1228.7811763476423,-0.009302385387089496,11.602950994202208,58.108789943737825,21.934161818513303,1244.46875,1255.00390625,1237.25634765625
2023-07-28,1244.46875,1251.853298343,1231.0288479774965,1236.6903350404634,20827852,1255.1862915039062,1236.767352294922,1242.8490548835466,1230.2752309812001,0.010049182330504003,9.999795577075533,50.45359155060034,20.60373991089773,1255.00390625,1237.25634765625,1224.0382080078125
2023-07-31,1255.00390625,1257.2930680054526,1239.594792375287,1244.4686660676819,8551174,1253.6058349609375,1240.089404296875,1245.0590278592654,1232.6303429115621,0.008465585214574523,12.086759560756146,49.6519829208425,20.16699743443678,1237.25634765625,1224.0382080078125,1218.8934326171875
2023-08-01,1237.25634765625,1259.803857697837,1233.3672005487501,1257.8346449464532,9536632,1249.171435546875,1243.1363830566406,1243.6403587314444,1233.0709147920086,-0.014141436935268481,8.623819241866858,44.847427815144606,18.179237288027707,1224.0382080078125,1218.8934326171875,1235.4593505859375
2023-08-02,1224.0382080078125,1236.665738028631,1212.838309305523,1235.2872649193357,12748214,1242.442822265625,1245.6190124511718,1240.0763313271477,1232.2106570030376,-0.010683428437022635,11.829970817778142,44.405037566804424,15.360266064179086,1218.8934326171875,1235.4593505859375,1242.49951171875
2023-08-03,1218.8934326171875,1231.201012494138,1210.1058926997707,1218.5981228148664,10168350,1235.3561157226563,1246.6118530273438,1236.224895198064,1230.9423499186707,-0.00420311666495965,14.749090409368199,43.51265945867672,12.566215175995012,1235.4593505859375,1242.49951171875,1235.016357421875
2023-08-04,1235.4593505859375,1238.6346817533063,1216.77647074002,1230.1670919099247,22885610,1233.9185791015625,1248.55,1236.0857052685863,1231.3725404584104,0.013590948581271745,13.97550031033188,40.94187258438466,11.55543696565428,1242.49951171875,1235.016357421875,1243.1639404296875
2023-08-07,1242.49951171875,1244.7393951840495,1233.2195480808575,1241.0963994857652,5982870,1235.713037109375,1248.5352294921875,1237.2518518958886,1232.4322520070143,0.005698415839803683,9.802059110575165,39.784081341055796,11.193439119535924,1235.016357421875,1243.1639404296875,1248.7025146484375
2023-08-08,1235.016357421875,1247.7178038434138,1230.536470478926,1244.5424722858313,9844072,1236.837939453125,1247.4726623535157,1236.845398355159,1232.67835728462,-0.006022661760666237,9.527942416332866,35.114043642451776,10.185315232147786,1243.1639404296875,1248.7025146484375,1253.969970703125
2023-08-09,1243.1639404296875,1245.034716513302,1221.453442754676,1233.1456430382627,11486586,1236.7887084960937,1246.7481811523437,1237.9942241868914,1233.676984250817,0.006597145826327866,9.779125347960443,38.095811318801196,9.929352252826902,1248.7025146484375,1253.969970703125,1268.7884521484375
2023-08-10,1248.7025146484375,1255.3732475116944,1234.9180240875248,1243.041027453777,15470598,1238.4502319335938,1246.862939453125,1239.9411860889907,1235.1079871458285,0.004455224318069995,5.761025658380764,49.64909877973391,10.057480030036004,1253.969970703125,1268.7884521484375,1267.754638671875
2023-08-11,1253.969970703125,1259.7300139419374,1236.837916549459,1246.733138146324,22179330,1239.4003540039062,1247.2933227539063,1242.4918742006514,1236.9043665322376,0.004218343434801541,7.1225465644328,60.40758221786092,10.463445808223014,1268.7884521484375,1267.754638671875,1249.4654541015625
2023-08-14,1268.7884521484375,1271.2746074053628,1243.0656093412765,1249.9578543039606,9575812,1240.77880859375,1247.1923217773438,1247.273070191158,1239.940946114733,0.011817253835036734,12.66555942999129,64.49056535572534,11.844369700637117,1267.754638671875,1249.4654541015625,1258.7208251953125
2023-08-16,1267.754638671875,1271.5208305674453,1255.865563518659,1255.865563518659,10203112,1243.8286376953124,1246.5000366210938,1250.9969917331066,1242.5898692154133,-0.0008148036615654997,11.431561086557993,58.82781700973763,12.708842105957956,1249.4654541015625,1258.7208251953125,1244.986328125
2023-08-17,1249.4654541015625,1269.2068594315797,1246.930140835009,1263.791524524126,13673744,1246.3713623046874,1244.4070922851563,1250.718530345553,1243.244686823618,-0.014426438691222288,9.832580826501738,56.06731401957743,11.782338901030926,1258.7208251953125,1244.986328125,1244.6898193359375
2023-08-18,1258.7208251953125,1268.960755625946,1234.9671961841154,1246.142454602955,18639978,1250.3541015625,1242.8551086425782,1252.1734930455093,1244.7186047637795,0.0074074645788466675,8.455873225527379,55.08692647739284,11.660494609480793,1244.986328125,1244.6898193359375,1246.0733642578125
2023-08-21,1244.986328125,1262.5000997685252,1242.8371963360953,1254.8424457661688,9221746,1251.3067993164063,1242.6126892089844,1250.8667357872348,1244.7441022267528,-0.010911472024133229,10.656467850617165,46.50430912566835,10.33652003232146,1244.6898193359375,1246.0733642578125,1225.1258544921875
2023-08-22,1244.6898193359375,1253.8543258928648,1234.6114071159911,1243.4547138866417,7713044,1251.525830078125,1243.61943359375,1249.743660068817,1244.7389324276276,-0.0002381622852911658,9.951408237049622,52.95369067032456,9.157769790321936,1246.0733642578125,1225.1258544921875,1219.4691162109375
2023-08-23,1246.0733642578125,1256.275409297995,1243.4796423923776,1247.0614487779783,9517952,1252.6315307617188,1244.7347351074218,1249.0763335577253,1244.8660211733595,0.0011115579965241817,5.868070336372398,59.664625005354004,8.24025372793244,1225.1258544921875,1219.4691162109375,1207.315673828125
2023-08-24,1225.1258544921875,1254.8177179260883,1220.7782590700385,1254.8177179260883,14140020,1250.8277221679687,1243.8082153320313,1244.7217010003546,1242.9860052989623,-0.016810815772554277,12.02758271679004,52.40074633041672,5.756469666660678,1219.4691162109375,1207.315673828125,1195.755126953125
2023-08-25,1219.4691162109375,1237.5757146480018,1206.747529523438,1213.3676467766436,22222400,1247.9043823242187,1243.1773071289062,1240.1303219477334,1240.7463015762933,-0.004617271164842673,12.740026947349158,43.27534374845991,3.2936344319275577,1207.315673828125,1195.755126953125,1194.6187744140625
2023-08-28,1207.315673828125,1227.2008731617648,1201.0660879981488,1221.272366528133,12580826,1243.2389526367188,1241.3196533203125,1234.1640222896228,1237.562432266944,-0.009966174806111505,16.678164868327606,35.81363894095226,0.3570229960355391,1195.755126953125,1194.6187744140625,1189.15966796875
2023-08-29,1195.755126953125,1212.107851949824,1189.7277154191993,1211.4162410930335,16876644,1235.9356201171875,1238.3572143554688,1227.180586773896,1233.5807841418182,-0.009575413560518165,19.021322646150146,34.67355026123222,-2.870018455116451,1194.6187744140625,1189.15966796875,1191.950927734375
2023-08-30,1194.6187744140625,1206.9451032694478,1193.1119215700844,1201.5106390304122,12168946,1228.6220336914062,1236.2253356933593,1221.2602572539263,1229.8701165486987,-0.0009503221131553774,13.72273756562886,29.951947022752066,-5.456269726740629,1189.15966796875,1191.950927734375,1190.9874267578125
2023-08-31,1189.15966796875,1198.0524282609965,1185.651919829385,1197.0643437840804,21638600,1222.591455078125,1234.4814086914062,1215.4237864748034,1225.9929309696558,-0.004569747740646446,12.135388035562928,25.394003658299127,-7.855839530895764,1191.950927734375,1190.9874267578125,1197.36083984375
2023-09-01,1191.950927734375,1198.3734766692594,1186.5164632510111,1188.9373425267036,18112842,1215.9144653320313,1233.1342834472657,1211.1559939765436,1222.7508354234387,0.002347253981791031,6.94459199032308,23.835239152691457,-9.423654529703526,1190.9874267578125,1197.36083984375,1199.8802490234375
2023-09-04,1190.9874267578125,1197.3852486913688,1188.3196473047951,1191.9507848594153,9347626,1210.5145751953125,1230.9106872558593,1207.4889817549563,1219.7257488838552,-0.0008083394661170251,2.6847753671954773,12.832026648440717,-10.621468016589688,1197.36083984375,1199.8802490234375,1201.5106201171875
2023-09-05,1197.36083984375,1202.4741047382813,1191.852196412095,1195.5822395056102,8675876,1205.7816772460938,1228.6537536621095,1205.6475014074642,1217.5957575467023,0.005351368908475873,3.215834173501503,18.00310277785175,-10.930463089014665,1199.8802490234375,1201.5106201171875,1209.51416015625
2023-09-06,1199.8802490234375,1203.5608392350891,1194.2234900414205,1196.1256007292052,8200370,1201.1623657226562,1226.8969482421876,1204.5989100649138,1215.9085662587722,0.0021041352747233066,4.541154234544277,23.689603623070127,-10.847011053486085,1201.5106201171875,1209.51416015625,1222.556884765625
2023-09-07,1201.5106201171875,1204.5983838407617,1191.1357340059783,1196.421961377583,13652572,1198.8008422851562,1224.8142822265625,1204.0374028016909,1214.537333292907,0.0013587781739694549,4.6964019592062565,16.971068870352568,-10.527957650041117,1209.51416015625,1222.556884765625,1204.8948974609375
2023-09-08,1209.51416015625,1213.3677136631895,1197.039593881822,1205.463038004146,23109288,1197.8053466796875,1222.8548645019532,1205.0331768661563,1214.0589358513207,0.006661231207662377,6.72487334986079,28.069823253286643,-9.519551274994683,1222.556884765625,1204.8948974609375,1210.922119140625
2023-09-11,1222.556884765625,1223.668479723262,1211.391482722607,1211.391482722607,13271074,1199.3294677734375,1221.2842102050781,1208.2193055751507,1214.8682643193497,0.010783441020392859,10.22967914820122,38.179561299542215,-7.5805591174441815,1204.8948974609375,1210.922119140625,1212.0338134765625
2023-09-12,1204.8948974609375,1226.7068128830886,1203.462102676104,1226.7068128830886,16255666,1200.2434448242188,1218.089532470703,1207.6148677362028,1213.9184198566438,-0.014446761148519838,9.101368445836522,31.265467066533375,-7.383951039766089,1210.922119140625,1212.0338134765625,1214.28173828125
2023-09-13,1210.922119140625,1216.652936105206,1198.6698488550378,1205.462928884613,12803338,1201.873779296875,1215.2479064941406,1208.2161861733705,1213.6330578836896,0.0050022800265721035,8.012818247277771,42.52274529510727,-6.66496177323711,1212.0338134765625,1214.28173828125,1203.709228515625
2023-09-14,1212.0338134765625,1218.2093412827492,1207.9332388900991,1215.3438722575231,9209636,1204.1611938476562,1213.3763244628906,1208.9103002284962,1213.4807488925346,0.0009180560156307749,6.505218051093952,45.88912585713514,-5.937014944762268,1214.28173828125,1203.709228515625,1176.8826904296875
2023-09-15,1214.28173828125,1219.2962186489121,1210.156437431325,1219.2962186489121,25468592,1206.3942749023438,1211.1543701171875,1209.886925328997,1213.5570335962218,0.0018546716928957707,6.401199184630794,54.32518713221585,-5.119706306184071,1203.709228515625,1176.8826904296875,1168.31103515625
2023-09-18,1203.709228515625,1210.8975674516837,1201.535490839137,1205.487828880595,7516300,1207.666455078125,1209.0905151367188,1208.7637077265658,1212.6191473980698,-0.00870680125733403,4.623249150577789,55.0,-5.264411641237302,1176.8826904296875,1168.31103515625,1163.4447021484375
2023-09-20,1176.8826904296875,1199.3370070481767,1163.4694916701224,1197.089090701199,57081884,1205.6186401367188,1205.7001586914062,1202.9671591271333,1209.215675305843,-0.0222865601180271,15.432619064795226,41.57280170383758,-7.457800208134813,1168.31103515625,1163.4447021484375,1156.2811279296875
2023-09-21,1168.31103515625,1180.8103271156433,1165.9396084396587,1173.3255153106452,12226182,1202.46171875,1201.8120422363281,1196.6660456778818,1205.319995291596,-0.0072833557185788544,21.085036729714542,40.37847923276608,-9.775056626142032,1163.4447021484375,1156.2811279296875,1157.2939453125
2023-09-22,1163.4447021484375,1177.0308632017375,1160.9992172819989,1173.8443150051187,19176786,1198.655126953125,1198.7279846191407,1190.625801399801,1201.3318721351047,-0.004165271799526971,22.449763755992898,37.09177260320314,-11.867371761943105,1156.2811279296875,1157.2939453125,1170.336669921875
2023-09-25,1156.2811279296875,1166.2854832156668,1153.638074334712,1161.1968240581607,14254884,1193.3318237304688,1195.568585205078,1184.3813153143258,1197.0413250679221,-0.0061572107428239375,18.359664877895824,35.11977909481631,-13.942862512434658,1157.2939453125,1170.336669921875,1153.14404296875
2023-09-26,1157.2939453125,1161.0980464311394,1153.8851021083722,1155.342502590839,10087782,1186.8055297851563,1193.0674987792968,1179.4563389503573,1193.2558603293105,0.0008759265877027467,8.491603657797194,31.993750466301236,-15.329271685131744,1170.336669921875,1153.14404296875,1158.529052734375
2023-09-27,1170.336669921875,1171.769464855697,1155.3178333556975,1157.7880446735417,11722778,1183.34970703125,1191.7965759277345,1177.798217308815,1191.073080290507,0.011270018876538002,6.321486690902069,37.87026317240273,-15.200351875128035,1153.14404296875,1158.529052734375,1145.263916015625
2023-09-28,1153.14404296875,1177.3026603074284,1148.6482103293206,1177.3026603074284,14518346,1177.5718994140625,1189.7228393554688,1173.3156401560761,1187.4607910217683,-0.014690325779737057,6.834096657985043,32.39216048762755,-16.29761455158382,1158.529052734375,1145.263916015625,1143.2877197265625
2023-09-29,1158.529052734375,1170.435518964013,1153.1440405649926,1156.9481416896208,12342014,1172.2214233398438,1188.19130859375,1170.627169715767,1184.7053873753498,0.004669850049054958,6.581576361855173,31.07813023820526,-16.541992056944082,1145.263916015625,1143.2877197265625,1143.26318359375
2023-10-03,1145.263916015625,1153.885049186791,1144.2017734963838,1151.0936382938999,8859056,1165.3196411132812,1185.8569580078124,1166.015669043014,1180.9490567696616,-0.011449981929621433,9.122196190351895,21.36189135697046,-17.603130728942233,1143.2877197265625,1143.26318359375,1145.18994140625
2023-10-04,1143.2877197265625,1145.683872665596,1133.8763122199225,1140.7434506187415,10286386,1159.277490234375,1183.47197265625,1161.883314621841,1177.3622627655568,-0.0017255378969222024,10.944643015947209,24.171489282431622,-18.39154699098617,1143.26318359375,1145.18994140625,1135.4324951171875
2023-10-05,1143.26318359375,1150.8219332922222,1140.743519950406,1145.8074528562056,10953682,1155.9155395507812,1180.76708984375,1158.4978362530971,1174.114731415861,-2.146103066547056e-05,6.837729701720004,20.130952124334456,-18.801619058840743,1145.18994140625,1135.4324951171875,1140.447021484375
2023-10-06,1145.18994140625,1148.5494528467332,1142.2504141267464,1144.7206253894863,5431026,1153.6034301757813,1178.0325744628906,1156.078219008216,1171.3599895101836,0.0016853143179538232,6.459434707902349,20.701618089731696,-18.75493565050624,1135.4324951171875,1140.447021484375,1158.5537109375
2023-10-09,1135.4324951171875,1142.200849187487,1133.826857954507,1140.2988590719287,7576878,1150.8022094726562,1174.7286682128906,1152.324451028029,1167.9383233775175,-0.00852037372689518,4.062844015557155,17.574132919684942,-19.28300065392409,1140.447021484375,1158.5537109375,1160.7027587890625
2023-10-10,1140.447021484375,1145.1404226117538,1138.1497733893898,1139.5331157395624,10236032,1149.218798828125,1171.2753112792968,1150.1649183837283,1165.320104149599,0.0044164020219183975,3.802660505324144,22.737889327963444,-19.07695830361922,1158.5537109375,1160.7027587890625,1160.6534423828125
2023-10-11,1158.5537109375,1160.8509589721596,1142.7196339530417,1143.4359710357805,9814118,1149.344775390625,1168.0751525878907,1151.690153393505,1164.6756857484468,0.01587683523392247,8.633205532603071,41.45948301065581,-17.253719602092815,1160.7027587890625,1160.6534423828125,1158.059814453125
2023-10-12,1160.7027587890625,1165.6185754357678,1155.1447837404767,1157.9609209243824,12554450,1148.3813842773438,1165.865545654297,1153.3288089199698,1164.297311752315,0.0018549401993832593,11.131102173247513,46.22917415362575,-15.457198630093217,1160.6534423828125,1158.059814453125,1163.593017578125
2023-10-13,1160.6534423828125,1164.7045645712087,1150.6984190160554,1156.058825491677,10150316,1149.13232421875,1163.3521118164062,1154.6605604586684,1163.950276574267,-4.2488402716811535e-05,12.22680407111769,48.54722380352133,-13.877451614579513,1158.059814453125,1163.593017578125,1148.1541748046875
2023-10-16,1158.059814453125,1163.247258320988,1154.082750031272,1158.5291304894404,5929036,1149.085400390625,1160.6534118652344,1155.2786066394788,1163.3892801817774,-0.002234627352987295,8.601286891069366,50.97199745443533,-12.688509581265407,1163.593017578125,1148.1541748046875,1139.33544921875
2023-10-17,1163.593017578125,1165.7914814830851,1156.7011522648252,1163.963549268257,7928180,1150.918310546875,1158.1189758300782,1156.7903177192327,1163.4086837433344,0.004777994241699002,2.190791542956126,53.28019120993682,-11.17100876933796,1148.1541748046875,1139.33544921875,1135.8525390625
2023-10-18,1148.1541748046875,1169.3979912920374,1146.6720480730119,1163.5929949263082,8918320,1151.4049560546875,1155.3412231445313,1155.220109916588,1161.9558733682252,-0.013268249757609873,5.9644938626743595,38.72989175129217,-11.086367285858842,1139.33544921875,1135.8525390625,1118.1163330078125
2023-10-19,1139.33544921875,1147.0672825471008,1136.7911799610206,1142.2256445327594,12032556,1151.0121826171876,1153.4638610839843,1152.3319897897084,1159.8015472587513,-0.0076807851937111815,10.024853683843096,42.331887201735356,-11.59720044627511,1135.8525390625,1118.1163330078125,1115.5225830078125
2023-10-20,1135.8525390625,1143.559525479833,1134.4691966955595,1136.2971288231192,8913312,1150.0784423828125,1151.8409362792968,1149.335726021125,1157.5206893352988,-0.0030569663733699404,11.853386500471094,37.13563927769113,-12.143103015233464,1118.1163330078125,1115.5225830078125,1099.9849853515625
2023-10-23,1118.1163330078125,1139.3848747937852,1114.1887214650121,1131.356688684127,7853962,1148.346826171875,1149.5745178222655,1143.6594727459774,1153.7678934945857,-0.01561488436635139,16.692479055742254,35.34274924371742,-13.847275562053483,1115.5225830078125,1099.9849853515625,1119.40087890625
2023-10-25,1115.5225830078125,1127.0090643806484,1108.1366760976812,1111.6196977984057,11620688,1145.8543823242187,1147.5365905761719,1138.5436746117655,1150.1254829720358,-0.0023197496749042257,14.071664252101773,35.10862847385897,-15.23155860515135,1099.9849853515625,1119.40087890625,1142.47265625
2023-10-26,1099.9849853515625,1115.5473150342816,1096.9219477593886,1112.089019549233,15222534,1139.997509765625,1144.671142578125,1131.533003837183,1145.3501974843716,-0.013928537075740377,16.076605573163157,30.09990042512969,-17.381998311152074,1119.40087890625,1142.47265625,1130.3192138671875
2023-10-27,1119.40087890625,1123.204979852311,1104.6536704890175,1106.654565590137,11771084,1135.8673217773437,1142.1243530273437,1129.32716294065,1142.8788338102647,0.017651053253678883,12.758481604590198,39.78471226952453,-17.319884084298337,1142.47265625,1130.3192138671875,1135.0125732421875
2023-10-30,1142.47265625,1148.6481841216216,1121.4511352518443,1123.4520304054054,16813304,1134.0492431640625,1141.5907836914062,1131.717252633259,1142.8401502330967,0.020610826539901428,15.21118737212917,52.52259368802646,-15.233357832597449,1130.3192138671875,1135.0125732421875,1146.2767333984375
2023-10-31,1130.3192138671875,1150.1303563093797,1127.8490026208185,1150.1303563093797,12808438,1131.2751831054688,1140.1802917480468,1131.4630637667005,1141.64768010301,-0.010637840928906295,15.973841871887558,46.54767641108478,-14.394520898610608,1135.0125732421875,1146.2767333984375,1146.0296630859375
2023-11-01,1135.0125732421875,1144.9428703315039,1124.0448598372486,1130.9367248364767,10309190,1128.417138671875,1139.667724609375,1132.1084291258799,1141.0157651638842,0.004152242408533846,16.507430152193137,41.1677256901667,-13.198873311884654,1146.2767333984375,1146.0296630859375,1155.564697265625
2023-11-02,1146.2767333984375,1148.302354744411,1140.2247162104195,1143.1889695269997,10562104,1128.22939453125,1139.8171752929688,1134.6844844481632,1141.5168097576511,0.009924260243279637,10.580488792746253,44.934070644718794,-11.213132388887061,1146.0296630859375,1155.564697265625,1148.0552978515625
2023-11-03,1146.0296630859375,1153.5638066087804,1144.078220526126,1149.7349795725816,8850156,1128.8988159179687,1139.955499267578,1136.7472442004857,1141.946605312726,-0.00021554159244552284,7.079156671794339,44.871748771425146,-9.549276791650982,1155.564697265625,1148.0552978515625,1154.033203125
2023-11-06,1155.564697265625,1156.0587394619763,1148.9445800808262,1152.2546386732256,10647304,1130.8700317382813,1140.4742370605468,1140.1685993032384,1143.2435664510972,0.008320058796743801,10.021761986696182,49.16563527648333,-7.376233049662915,1148.0552978515625,1154.033203125,1141.50927734375
2023-11-07,1148.0552978515625,1155.614167696399,1145.9556184844287,1153.1192304428853,6960204,1133.8639282226563,1141.1053771972656,1141.6025444938427,1143.701826584475,-0.0064984673137140625,7.354120614949454,44.871977716056996,-6.1886866745871885,1154.033203125,1141.50927734375,1143.6583251953125
2023-11-08,1154.033203125,1156.552866758098,1147.042553778562,1152.1064866637696,7884494,1137.714990234375,1141.784686279297,1143.8626642449624,1144.685767207382,0.005206983744271199,4.490000346100991,52.06953777558529,-4.710876567748301,1141.50927734375,1143.6583251953125,1143.51025390625
2023-11-09,1141.50927734375,1154.0331752710283,1138.3720609954937,1154.0085696526105,14513610,1141.8674194335938,1140.9324645996094,1143.4347757174692,1144.3832443632266,-0.010852309749265876,5.793256637637485,50.745777362340256,-4.498422539894364,1143.6583251953125,1143.51025390625,1164.185791015625
2023-11-10,1143.6583251953125,1144.3747829309668,1135.3337858785344,1139.039102652828,7734954,1144.2931640625,1140.0802429199218,1143.475421077077,1144.3142044424728,0.001882637219176475,6.18497129785093,52.702674144861135,-4.109271862791502,1143.51025390625,1164.185791015625,1166.285400390625
2023-11-13,1143.51025390625,1148.4506764659145,1142.0774589944763,1147.6107081381433,3854810,1144.396923828125,1139.2230834960938,1143.4817543187448,1144.2376377247374,-0.00012947161385568062,5.012185337857512,60.011762293859064,-3.76936437686345,1164.185791015625,1166.285400390625,1163.7412109375
2023-11-15,1164.185791015625,1166.9030232858888,1149.6362714370953,1156.0588204395372,12220648,1147.7835815429687,1139.5293823242187,1147.2461246272685,1146.137461847679,0.01808076231826261,9.617737543783313,66.7917397827704,-1.810768778002739,1166.285400390625,1163.7412109375,1160.6781005859375
2023-11-16,1166.285400390625,1172.9302438744137,1159.4923201233041,1161.542667627995,13134910,1150.9108642578126,1139.6640014648438,1150.707811129697,1148.0563131374836,0.0018035002584666504,12.28958840054273,75.216141807225,-0.08813080849063226,1163.7412109375,1160.6781005859375,1175.2769775390625
2023-11-17,1163.7412109375,1172.4857343750468,1162.012063114762,1162.4319266451018,7758634,1152.6573120117187,1140.4433532714843,1153.0775201856611,1149.5501129279612,-0.0021814467130196746,11.625965067967003,69.34695581959687,1.0595633800060114,1160.6781005859375,1175.2769775390625,1179.87158203125
2023-11-20,1160.6781005859375,1165.1490860409533,1154.2801575494677,1160.2828426994563,4490186,1154.1221557617187,1141.5104858398438,1154.4594438948022,1150.60992127634,-0.002632123295775446,9.258560831431181,59.62396961401905,1.7023285038601443,1175.2769775390625,1179.87158203125,1183.4781494140625
2023-11-21,1175.2769775390625,1179.7728099438689,1166.0384122376151,1168.9038812090425,8214450,1156.0933837890625,1143.481707763672,1158.2444500119404,1152.9591647299326,0.01257788610447208,5.541981850904025,73.16710783228326,3.35110243472036,1179.87158203125,1183.4781494140625,1182.6876220703125
2023-11-22,1179.87158203125,1182.9593458443583,1171.9669066696931,1173.3502489811203,8534814,1159.2750122070313,1146.5694702148437,1162.176655833633,1155.5222520919629,0.00390938015463238,8.08894387024246,73.1397699151822,4.971208836512005,1183.4781494140625,1182.6876220703125,1182.9346923828125
2023-11-23,1183.4781494140625,1185.7013394254852,1179.8716170501546,1179.8716170501546,8531542,1162.2195068359374,1149.9672485351562,1166.0496546664383,1158.1847185035913,0.003056745698208463,9.987312631183174,70.83577183300426,6.4715743973822555,1182.6876220703125,1182.9346923828125,1186.047119140625
2023-11-24,1182.6876220703125,1186.9858858764198,1181.2796741129466,1181.5514214570694,6749486,1166.3373413085938,1154.1023803710937,1169.074739648961,1160.5183283670885,-0.0006679695304399047,9.355821201319202,70.40716196233637,7.510262334774552,1182.9346923828125,1186.047119140625,1174.5606689453125
2023-11-28,1182.9346923828125,1185.5531403805655,1173.4738317237427,1182.6876712625676,13792174,1170.2649780273437,1157.279071044922,1171.594731055116,1162.65322017811,0.00020890580732335629,3.4148882641980918,66.99399262379697,8.258171457834123,1186.047119140625,1174.5606689453125,1182.8853759765625
2023-11-29,1186.047119140625,1191.605094048659,1184.7379555197092,1189.6536514263266,12531306,1174.5186645507813,1159.4577941894531,1174.222437979754,1164.8812105554923,0.0026311061615269526,2.2024039424337043,74.95145662202225,8.998314683557055,1174.5606689453125,1182.8853759765625,1195.6810302734375
2023-11-30,1174.5606689453125,1186.0471507278282,1170.8306260067593,1183.0828973645985,28439984,1175.55615234375,1161.6698669433595,1174.2839345189466,1165.8030637354752,-0.009684649125605738,4.3369688766299745,62.57193908447282,8.559356059257425,1182.8853759765625,1195.6810302734375,1204.3514404296875
2023-12-01,1182.8853759765625,1183.922792325671,1174.6348945757863,1174.8324632282502,14342842,1177.2161499023437,1164.0635070800781,1175.847832965786,1167.429950615579,0.007087507058043396,4.292339362466454,76.71466515341389,8.78197928135296,1195.6810302734375,1204.3514404296875,1215.887451171875
2023-12-04,1195.6810302734375,1210.4035134582498,1185.0097900344595,1210.4035134582498,15590990,1180.4101318359376,1166.5337219238281,1179.4538688399043,1170.120529630613,0.010817323940885748,7.603057315633128,79.52902667915723,9.877055604040606,1204.3514404296875,1215.887451171875,1213.886474609375
2023-12-05,1204.3514404296875,1205.8830195816831,1196.3973123183705,1204.9689932142376,12693624,1184.7774658203125,1169.4498107910156,1183.9807000380467,1173.3806163733818,0.007251440757797489,11.559309579690275,81.48812208832905,11.314118996342359,1215.887451171875,1213.886474609375,1213.244140625
2023-12-06,1215.887451171875,1221.7417795681863,1202.992899973077,1208.9708595498532,16422442,1188.8385131835937,1172.4659484863282,1189.7819275169247,1177.4288863541908,0.009578608332192262,16.493902002644475,79.55386599232997,13.231339103689606,1213.886474609375,1213.244140625,1215.022705078125
2023-12-07,1213.886474609375,1215.813191043024,1206.4511149904754,1215.3438750518303,8142096,1192.2400024414062,1175.7575073242188,1194.164572442825,1180.9010376165893,-0.0016456922559496823,13.633854489387586,77.24059305789189,14.423028076213086,1213.244140625,1215.022705078125,1197.5830078125
2023-12-08,1213.244140625,1223.5943006598802,1207.9331869400896,1217.2459307176134,10204894,1195.2166015625,1178.7180541992188,1197.633584839584,1183.9813331412,-0.0005291549068306978,8.478964072061476,78.959335473772,15.141082217457097,1215.022705078125,1197.5830078125,1202.4739990234375
2023-12-11,1215.022705078125,1219.098553135076,1211.5890153738967,1213.367615499601,7066138,1198.4501098632813,1182.3937255859375,1200.7952430647733,1186.9376542780499,0.0014659575872411068,4.655953792776373,82.27682358314786,15.672992088282399,1197.5830078125,1202.4739990234375,1217.39404296875
2023-12-12,1197.5830078125,1217.7892853568703,1195.6561708810905,1215.3438006129375,9197124,1199.91494140625,1185.0899597167968,1200.2112002916328,1187.951497471807,-0.014353392074680338,7.638309648665009,62.815727497029805,14.519920073143794,1202.4739990234375,1217.39404296875,1232.9317626953125
2023-12-13,1202.4739990234375,1204.6478570918039,1188.8137803209581,1196.570218805253,10031182,1201.5576293945312,1188.0381469726562,1200.62261824287,1189.3345928576766,0.004084051943815892,7.898469545467047,62.941937107269915,13.84121143909988,1217.39404296875,1232.9317626953125,1245.4803466796875
2023-12-14,1217.39404296875,1222.7297228698085,1206.7721356331074,1212.3795628682321,16972354,1205.840966796875,1190.6985595703125,1203.6719681930301,1192.0069214396835,0.01240778923904351,8.62523895361107,67.19247548033786,14.341927992804358,1232.9317626953125,1245.4803466796875,1263.8094482421875
2023-12-15,1232.9317626953125,1235.1055001292314,1220.3089603608373,1224.236571728094,15932152,1210.84560546875,1194.0308776855468,1208.9919308298088,1195.9045253687912,0.012763098206618473,13.866520556301488,72.15681165848795,15.810262729673923,1245.4803466796875,1263.8094482421875,1248.518798828125
2023-12-18,1245.4803466796875,1252.3474847954778,1230.634354917611,1232.9317234441762,14165188,1215.825537109375,1198.1178344726563,1215.6261882570593,1200.6260321603052,0.010177841437828183,20.18371326059722,74.88199392390113,17.78152014643456,1263.8094482421875,1248.518798828125,1266.008056640625
2023-12-19,1263.8094482421875,1271.615218807123,1247.5553868731267,1262.2778691174958,16820604,1221.771337890625,1203.2744018554688,1224.3867809816281,1206.6435003585796,0.014716492003557846,23.86773111838726,77.59462098325945,20.58546474123068,1248.518798828125,1266.008056640625,1267.2430419921875
2023-12-20,1248.518798828125,1283.9417239360823,1244.9864450577063,1270.207325538083,17736722,1225.03447265625,1206.9364929199219,1228.7744205900822,1210.6316240223457,-0.012098856702907224,17.44455172775745,75.55471572690684,21.32792833385247,1266.008056640625,1267.2430419921875,1273.66552734375
2023-12-21,1266.008056640625,1271.4177954317774,1244.1219597225854,1248.444829631281,13765454,1230.246630859375,1211.2433166503906,1235.5441725992716,1215.9055699859914,0.014008005188961281,13.709453581962313,77.01068541685342,23.061731733811484,1267.2430419921875,1273.66552734375,1278.01318359375
2023-12-22,1267.2430419921875,1275.0735389423144,1258.6466348491601,1264.550535970751,16541784,1235.6465209960938,1215.4315612792968,1241.3076033979835,1220.7948530342005,0.000975495649561342,10.364878082261594,75.14312084940958,24.25583030331927,1273.66552734375,1278.01318359375,1287.2518310546875
2023-12-26,1273.66552734375,1280.5326657287192,1266.0819312708138,1268.7003790735205,7465664,1241.5108032226562,1219.9804565429688,1247.1908622972137,1225.8301553493957,0.0050680770292224064,9.321505887210842,74.74417870928887,25.427292910855158,1278.01318359375,1287.2518310546875,1277.074462890625
2023-12-27,1278.01318359375,1284.4603381656593,1271.2201029702012,1275.6170305456778,9204156,1249.5538208007813,1224.7343811035157,1252.7949207147658,1230.7999675631438,0.003413499193204217,11.26760757939688,73.37785347856124,26.402157356521684,1287.2518310546875,1277.074462890625,1279.69287109375
2023-12-28,1287.2518310546875,1290.4383794995902,1278.0132649417642,1279.470665481518,12302636,1258.0316040039063,1229.7946166992188,1259.0598135038426,1236.1763355147193,0.007228914051542468,8.666087205774735,76.18120783734264,27.602046877998646,1277.074462890625,1279.69287109375,1290.2900390625
2023-12-29,1277.074462890625,1291.4264140714613,1274.2831724837226,1289.9937398232034,10864584,1263.9996459960937,1234.9203063964844,1262.3352043014395,1240.0713952648057,-0.007906275927161754,7.277279629120218,71.32714140980734,27.415708195093885,1279.69287109375,1290.2900390625,1276.25927734375
2024-01-01,1279.69287109375,1287.8940202608817,1271.2447008145452,1274.9006856426909,4030540,1268.6757568359376,1239.7606811523438,1265.4911437182234,1243.8448691532767,0.002050317565037041,5.040175548317429,71.48716151650987,27.166162494547507,1290.2900390625,1276.25927734375,1282.854736328125
2024-01-02,1290.2900390625,1291.920402508132,1271.1706293129728,1277.099135940161,7448800,1273.1567260742188,1244.4911315917968,1270.0000337808192,1248.2682186684408,0.008281024461512132,5.930983156828092,82.26992905728106,27.506421712486826,1276.25927734375,1282.854736328125,1288.3138427734375
2024-01-03,1276.25927734375,1301.3071935056118,1273.2455715878027,1289.450180352941,9037536,1274.401708984375,1248.0865234375,1271.1380780649886,1250.934033780375,-0.010874114574227378,6.300426554525637,74.1471096527077,26.340280031456587,1282.854736328125,1288.3138427734375,1278.26025390625
2024-01-04,1282.854736328125,1289.3761903993159,1274.1843914947026,1278.581319191514,9612778,1277.835302734375,1251.4348876953125,1273.268379567377,1253.9741006896847,0.005167804929185005,5.680301975660809,72.65730495638844,25.652595613089943,1288.3138427734375,1278.26025390625,1274.8759765625
2024-01-05,1288.3138427734375,1294.3165279752034,1283.521657474919,1285.9424160498672,8086406,1280.0658813476562,1255.1562561035157,1276.0039183321153,1257.244552316709,0.004255436169599225,5.844116282586037,70.60657426433318,25.256958527521647,1278.26025390625,1274.8759765625,1309.261474609375
2024-01-08,1278.26025390625,1300.2944657165137,1269.1698042070248,1289.4502625359673,7734652,1281.1676025390625,1258.4070617675782,1276.414161163776,1259.246047706189,-0.00780367992130282,6.105609629562145,62.42749206543138,23.857162171616665,1274.8759765625,1309.261474609375,1343.696044921875
2024-01-09,1274.8759765625,1287.8693113555237,1273.245613077726,1284.5098000629723,5403074,1281.2886474609375,1261.399725341797,1276.1344912362713,1260.734612359171,-0.0026475651835438097,5.48819644794577,54.731719436183354,22.218608290746943,1309.261474609375,1343.696044921875,1354.39208984375
2024-01-10,1309.261474609375,1313.6584025883456,1272.183577934786,1273.1469362430112,11102740,1284.4134765625,1266.9836486816407,1282.1575791222901,1265.3562182877617,0.026971641696151405,13.577984417910763,72.32617489653589,23.424640185078488,1343.696044921875,1354.39208984375,1377.51318359375
2024-01-11,1343.696044921875,1346.265040325212,1312.6701695941608,1313.6582540274271,23725852,1290.0578979492188,1274.0447509765625,1293.3463910858509,1272.8171541576771,0.026300758847864092,28.413305134521813,75.39155386319314,26.849506791776093,1354.39208984375,1377.51318359375,1358.24560546875
2024-01-12,1354.39208984375,1356.961085397271,1329.7147038034357,1343.6961234746648,15012164,1297.7896606445313,1280.8946533203125,1304.4456090418325,1280.586195651589,0.007960167005252261,36.48884912172893,76.82482451189847,30.080075303135573,1377.51318359375,1358.24560546875,1345.3509521484375
2024-01-15,1377.51318359375,1379.8104316098675,1349.723309451493,1358.616069177015,8610594,1307.5716918945313,1288.1237243652345,1317.7306225967266,1289.817337360366,0.01707119668180246,40.27975290881283,78.98511221714031,34.11277235274042,1358.24560546875,1345.3509521484375,1351.650146484375
2024-01-16,1358.24560546875,1379.6623844587446,1354.1697570573224,1373.4126778584214,9069024,1314.3672485351562,1293.7619873046874,1325.0969831189127,1296.3343152754503,-0.013987218673823132,25.170042711602637,70.67211159588763,35.34652851151668,1345.3509521484375,1351.650146484375,1351.1561279296875
2024-01-17,1345.3509521484375,1369.7567088979374,1338.879071777444,1343.3007252899447,12197382,1321.276416015625,1297.8390625,1328.7795229424626,1301.002566406211,-0.009493609453543828,13.556419489026464,64.6926009115347,34.881703829603794,1351.650146484375,1351.1561279296875,1312.7442626953125
2024-01-18,1351.650146484375,1354.6638524622786,1335.1491835446054,1335.2974203430863,10279438,1328.15595703125,1302.9956298828124,1332.9378181319012,1305.826145461274,0.0046821941337151785,12.171056615374923,69.23665987369608,34.62251248647499,1351.1561279296875,1312.7442626953125,1327.8619384765625
2024-01-19,1351.1561279296875,1359.6042988176375,1342.806861986315,1359.6042988176375,10422704,1334.440185546875,1307.2530334472656,1336.250238095135,1310.143286648742,-0.0003654929169152332,12.455714742342469,68.63808195156615,33.98547491143904,1312.7442626953125,1327.8619384765625,1336.952392578125
2024-01-23,1312.7442626953125,1355.4048574857818,1306.791150318716,1355.4048574857818,20055420,1337.8885864257813,1309.528094482422,1331.9764243860766,1310.3909986531773,-0.028428887262075042,17.96714278923909,55.11421169491723,30.034878161173992,1327.8619384765625,1336.952392578125,1430.795654296875
2024-01-24,1327.8619384765625,1333.4199132911328,1308.1497027138623,1319.314984194113,21919128,1343.1871826171875,1312.2379150390625,1331.2283360388922,1312.054897683976,0.011516085966515988,16.983620305301276,61.69520410562864,27.803371901650735,1336.952392578125,1430.795654296875,1390.852294921875
2024-01-25,1336.952392578125,1347.895500834099,1319.2903820615336,1326.9480369708251,11808872,1345.9562744140626,1315.1848754882812,1332.26907359148,1314.426087673895,0.006845933178860397,16.45123922091251,62.12355981296855,26.463357673355404,1430.795654296875,1390.852294921875,1409.6259765625
2024-01-29,1430.795654296875,1435.1925816017736,1343.9677382154596,1348.241154971167,23893438,1354.6662353515626,1322.3620666503907,1350.1829973560973,1325.5089035427502,0.0701919247384617,46.258806524740656,72.87073181341327,32.597984410251,1390.852294921875,1409.6259765625,1409.650634765625
2024-01-30,1390.852294921875,1442.5784888178382,1387.690473107798,1442.5537625848374,14093978,1358.312255859375,1328.050958251953,1357.5774150953296,1331.7320836740955,-0.02791688614306631,49.39867095637198,66.49054892809662,33.84646404701789,1409.6259765625,1409.650634765625,1440.33056640625
2024-01-31,1409.6259765625,1417.1601204834947,1385.788439238697,1387.2705659116798,15130226,1361.52353515625,1334.5476135253907,1367.0407899075424,1339.1505496634675,0.013497969345249272,45.12228635899911,68.88455953500275,35.93651854804466,1409.650634765625,1440.33056640625,1421.878173828125
2024-02-01,1409.650634765625,1426.1515960154993,1401.1531330404457,1417.9011153905622,13349362,1366.6640380859376,1340.515643310547,1374.7880344271937,1345.8648434827205,1.7492727528489738e-05,35.68950114860964,65.5684537331516,37.16645969698402,1440.33056640625,1421.878173828125,1410.7869873046875
2024-02-02,1440.33056640625,1457.3256902760372,1416.0978932450594,1416.0978932450594,19652588,1376.1619995117187,1348.7192077636719,1386.7048584233858,1354.861578999247,0.02176420943174051,19.518724749234433,65.16275787778468,40.15394135826,1421.878173828125,1410.7869873046875,1424.966064453125
2024-02-05,1421.878173828125,1452.9781061073709,1414.4675408489986,1443.3442832345067,8814432,1383.1848022460938,1355.6703796386719,1393.1000066787929,1361.2441118400927,-0.012811220568737403,18.22180521573354,60.337504141763105,40.56498038740642,1410.7869873046875,1424.966064453125,1432.845947265625
2024-02-06,1410.7869873046875,1424.6695010773788,1402.9069175392074,1424.6695010773788,9047984,1389.1478881835938,1361.7940368652344,1396.3158213380466,1365.962480931959,-0.007800377506025469,13.271449091669846,55.29190625421046,39.53997351791713,1424.966064453125,1432.845947265625,1443.3443603515625
2024-02-07,1424.966064453125,1432.2284612961826,1412.2197504708995,1418.8152626559165,9296568,1400.370068359375,1369.129327392578,1401.524956449879,1371.5818698387366,0.01005047344215071,12.469166160273454,60.78587925871081,39.417401942347624,1432.845947265625,1443.3443603515625,1435.04443359375
2024-02-08,1432.845947265625,1442.0845126481563,1410.515263064875,1432.7224367107362,14694634,1410.8684692382812,1377.0278259277343,1407.219682052742,1377.4165438793925,0.005529874015297365,11.19816801892059,64.37735164785349,39.50076355972374,1443.3443603515625,1435.04443359375,1447.6424560546875
2024-02-09,1443.3443603515625,1454.4355841797649,1433.661084495157,1436.6747903139974,12556798,1421.507666015625,1383.7319702148438,1413.7878053798001,1383.6953835434088,0.007326965683905007,12.188798502498344,64.86226918399868,39.95340446270302,1435.04443359375,1447.6424560546875,1463.7236328125
2024-02-12,1435.04443359375,1443.5913882496639,1425.163589047209,1443.3443671360003,6674430,1421.9325439453125,1388.2993896484375,1417.6526468732457,1388.5857692624888,-0.005750482688546277,12.291087878960493,63.26147340827699,39.190625776804836,1447.6424560546875,1463.7236328125,1453.076904296875
2024-02-13,1447.6424560546875,1461.3768535820275,1436.6747431428453,1438.1568697691962,7715594,1427.6115600585938,1392.9619079589843,1423.1053394516896,1394.2102156236506,0.00877883789938716,8.932261321912215,73.22052189787463,39.15136078300702,1463.7236328125,1453.076904296875,1443.1712646484375
2024-02-14,1463.7236328125,1465.9715491065435,1440.1331160740654,1440.1331160740654,7117888,1433.0213256835937,1397.2724304199219,1430.4904836991097,1400.8305410702078,0.01110852800051143,12.308343099501222,73.30905627327023,39.95725717272899,1453.076904296875,1443.1712646484375,1456.4364013671875
2024-02-15,1453.076904296875,1467.0335965408115,1449.0505085860837,1465.674980481667,10006782,1437.3639526367188,1402.0139953613282,1434.5971056259762,1405.8063851870334,-0.0072737286445034854,10.736075883802469,69.8170309992384,39.283992443512716,1443.1712646484375,1456.4364013671875,1453.4969482421875
2024-02-16,1443.1712646484375,1459.4005984941116,1441.1704903137313,1458.881830082394,9767498,1437.6480224609375,1406.905010986328,1436.1560436300601,1409.3649451357385,-0.006817009904393712,10.757382136679645,52.959906479789744,37.518631530507946,1456.4364013671875,1453.4969482421875,1450.2115478515625
2024-02-19,1456.4364013671875,1461.8708655513933,1436.2053974591388,1444.6288410678121,6729828,1441.1038452148437,1412.1443237304688,1439.843381400447,1413.847940967305,0.00919165801293964,7.936279598511245,67.98047955085028,36.7661387981052,1453.4969482421875,1450.2115478515625,1464.0941162109375
2024-02-20,1453.4969482421875,1457.9186020207894,1444.3818933388152,1457.4492860314679,7117496,1445.3748413085937,1417.2613647460937,1442.3258480989452,1417.6240368982462,-0.002018250245764741,7.396789227496958,63.1711730993492,35.523105339121685,1450.2115478515625,1464.0941162109375,1475.82763671875
2024-02-21,1450.2115478515625,1470.7884795851646,1440.1825868389801,1456.4365283424868,12720292,1447.8993896484376,1424.1347290039062,1443.7596116903303,1420.7276093699907,-0.0022603421318484473,5.04047043936423,61.943565194199074,33.88231379064723,1464.0941162109375,1475.82763671875,1469.6025390625
2024-02-22,1464.0941162109375,1467.2559381666686,1440.6271108051608,1450.6561919754163,18493728,1451.0242065429688,1430.946337890625,1447.4567943304407,1424.8577528786523,0.009572788452789194,7.719340031578118,57.76561192324661,33.318111463210016,1475.82763671875,1469.6025390625,1467.9476318359375
2024-02-23,1475.82763671875,1479.7059164315408,1465.6750448712426,1471.7517883622584,14438584,1454.2725341796875,1437.8901000976562,1452.6151293101334,1429.7120275300902,0.008014184592298523,10.223474165337315,68.43970506752471,33.432386358710346,1469.6025390625,1467.9476318359375,1438.2802734375
2024-02-26,1469.6025390625,1476.7168189041834,1464.8350802180469,1475.7534607654734,7513106,1457.7283447265625,1439.8304443359375,1455.703749265109,1433.5111238665102,-0.004218038408665636,10.753682736832326,70.794630703324,32.64433312923143,1467.9476318359375,1438.2802734375,1443.393798828125
2024-02-27,1467.9476318359375,1482.0771665679397,1460.4382144226488,1465.3539102526265,10826044,1459.7588623046875,1443.6852111816406,1457.9299097325325,1436.79079129217,-0.001126091703419485,9.554951000790846,66.67298030617995,31.522881924195644,1438.2802734375,1443.393798828125,1474.345458984375
2024-02-28,1438.2802734375,1473.5055044292124,1432.8952620082478,1465.3290823583084,8647950,1457.2145263671875,1445.1179260253907,1454.357248587981,1436.9326467345825,-0.02021009316342781,14.53246071822108,51.80322716012178,27.918390060270212,1443.393798828125,1474.345458984375,1489.4384765625
2024-02-29,1443.393798828125,1461.352161163495,1437.1935448412644,1447.5437052316252,23628976,1456.2462158203125,1446.8050842285156,1452.363894086189,1437.547994553015,0.003555305238528872,16.944787938470093,50.017012732244794,25.184116237241824,1474.345458984375,1489.4384765625,1482.32421875
2024-03-01,1474.345458984375,1482.1266237591103,1445.0734581651325,1446.061542580972,12132926,1459.3636352539063,1448.5058288574219,1456.3605422494954,1441.0525149750495,0.021443669898941753,16.586202812408647,61.70020234793378,25.223958738931515,1489.4384765625,1482.32421875,1485.0909423828125
2024-03-04,1489.4384765625,1494.4282305064353,1469.503825173054,1472.7150995331629,10024420,1462.6638427734374,1451.8838439941405,1462.3747121245872,1445.6607017929018,0.010237097069856427,21.489248195473476,62.26083892494881,26.17172325516094,1482.32421875,1485.0909423828125,1461.3028564453125
2024-03-05,1482.32421875,1489.4384990399915,1468.3429205099196,1487.8328618357061,7107668,1465.5465698242188,1455.4607055664062,1466.0018951473894,1449.1524653126255,-0.004776469739736444,23.259024352644396,55.75947022671091,26.048501403857472,1485.0909423828125,1461.3028564453125,1449.12451171875
2024-03-06,1485.0909423828125,1491.0194491388315,1460.8828731290673,1475.654687549837,7805676,1469.0345092773437,1458.4669494628906,1469.4726310083754,1452.575177414548,0.0018664767112457348,18.46136596762003,60.42135396260124,25.875818346862616,1461.3028564453125,1449.12451171875,1457.844482421875
2024-03-07,1461.3028564453125,1485.1897258668157,1457.968071396935,1485.0662153094684,8315726,1468.7553833007812,1459.889794921875,1467.9872174514549,1453.4063849412876,-0.01601793214046021,11.07607101794056,55.41303875650327,23.548019143697047,1449.12451171875,1457.844482421875,1415.10986328125
2024-03-11,1449.12451171875,1471.257625711574,1446.0614742974403,1471.257625711574,11277130,1466.0850708007813,1460.1788024902344,1464.557634590963,1452.9985874915221,-0.008333895107949685,17.386610977697455,47.80283750483274,20.484399457688596,1457.844482421875,1415.10986328125,1414.418212890625
2024-03-12,1457.844482421875,1470.269595576354,1447.568380480176,1449.1245651727334,9432678,1464.9092651367187,1461.3188049316407,1463.3370614693106,1453.4601012944129,0.006017406118389745,15.794251388360504,51.26253763861682,18.54629737280061,1415.10986328125,1414.418212890625,1401.3260498046875
2024-03-13,1415.10986328125,1465.4279903850718,1410.7622676768488,1462.142657909758,13522134,1459.62548828125,1459.6921752929688,1454.5684799805722,1449.8076976741118,-0.029313565099640226,25.350074062031016,41.70657831209935,13.407458060057479,1414.418212890625,1401.3260498046875,1422.32275390625
2024-03-14,1414.418212890625,1431.2651015924712,1408.5144322207132,1422.5451836499767,18571102,1457.2392822265624,1457.226904296875,1447.2684314187636,1446.437270551875,-0.0004887609143089389,23.067686451360014,37.482936660020755,9.173335968370566,1401.3260498046875,1422.32275390625,1408.267333984375
2024-03-15,1401.3260498046875,1416.1473166057365,1396.0645483366263,1408.9589780840722,19223818,1453.0325073242188,1454.6393615722657,1438.9152711252952,1442.1409638140476,-0.009256217833324754,24.48525346976632,31.355155004823757,4.707075325938376,1422.32275390625,1408.267333984375,1426.546875
2024-03-18,1422.32275390625,1424.5459437848976,1399.6462653903534,1403.0798345242215,9169392,1447.8302368164063,1453.5969360351562,1435.8984498127415,1440.2535152514001,0.014983453782571932,21.313681934603714,38.98230642316664,2.829177140386264,1408.267333984375,1426.546875,1433.685791015625
2024-03-19,1408.267333984375,1420.4701525728194,1400.3626585436627,1411.7256294896865,8275764,1439.7131225585938,1451.1884826660157,1430.8746105712205,1437.207212273588,-0.009882018608837861,7.8982135486262095,36.852445967132525,0.20441797400212636,1426.546875,1433.685791015625,1437.6876220703125
2024-03-20,1426.546875,1427.7819805194806,1407.056934025752,1410.935092987457,8488806,1434.1353881835937,1449.8409790039063,1430.0877495582713,1436.1919420570557,0.012980164045918174,10.23107262089418,47.278589532479124,-0.39614981578188235,1433.685791015625,1437.6876220703125,1424.397705078125
2024-03-21,1433.685791015625,1440.5283239841642,1427.460931435626,1435.2173701383908,13006936,1428.994873046875,1449.0146911621093,1430.7419389141537,1435.9532610054907,0.005004333289521323,13.319170814987924,47.76931068760701,-0.2926794297136439,1437.6876220703125,1424.397705078125,1475.0618896484375
2024-03-22,1437.6876220703125,1442.6033181580033,1430.1040255590262,1432.6977472783171,19527608,1426.633349609375,1447.6943664550781,1432.0047903970917,1436.1184382497595,0.002791288774545597,11.440025703307947,40.38615328960216,0.11095687632314366,1424.397705078125,1475.0618896484375,1468.145263671875
2024-03-26,1424.397705078125,1435.0937909604027,1421.8534360223084,1427.7819423573562,11415906,1424.1606689453124,1445.122869873047,1430.6216839754613,1435.002177947699,-0.009243953128739935,11.323838096292192,32.779610663950095,-0.6342326368574049,1475.0618896484375,1468.145263671875,1467.0831298828125
2024-03-27,1475.0618896484375,1482.126717793074,1429.7582404310522,1430.7463249095808,16326644,1425.8824096679687,1445.3958374023437,1438.7017213705478,1438.8173885858646,0.03556884737295585,20.60095634179884,48.43752380101954,2.8307445209532034,1468.145263671875,1467.0831298828125,1469.2320556640625
2024-03-28,1468.145263671875,1488.0057370987279,1461.0311038405712,1475.0865810929813,21854364,1431.1859497070313,1445.4057189941407,1444.055092698062,1441.610519546437,-0.004689041202339594,22.395751700455765,46.418130654282876,4.961457378418572,1467.0831298828125,1469.2320556640625,1454.0650634765625
2024-04-01,1467.0831298828125,1476.1734586788064,1464.8352136106084,1474.691331987126,5013880,1436.45244140625,1446.8458618164063,1448.242008549835,1444.0364824356157,-0.0007234527913171362,22.114027227613292,51.35165531533486,6.489549857608154,1469.2320556640625,1454.0650634765625,1445.493408203125
2024-04-02,1469.2320556640625,1476.198098955644,1457.4244952875333,1466.3172549197961,8910166,1443.2430419921875,1448.1377746582032,1452.0583807524217,1446.436060838325,0.0014647607470079649,20.573389825115942,54.93333509037903,7.784242604678411,1454.0650634765625,1445.493408203125,1442.7020263671875
2024-04-03,1454.0650634765625,1466.7619246317818,1451.397283687729,1464.4152240453116,7008292,1446.4172729492188,1447.1237548828126,1452.4232321568109,1447.162632518157,-0.010323074649119857,7.716997037129334,49.101163978277675,7.499991190933997,1445.493408203125,1442.7020263671875,1468.2686767578125
2024-04-04,1445.493408203125,1462.117879861305,1432.7223691832353,1462.117879861305,14490272,1450.1398803710938,1444.9265014648438,1451.1632641652316,1447.003658773868,-0.005894959922180698,10.53780376865018,58.627930838452045,6.508038338512961,1442.7020263671875,1468.2686767578125,1446.2098388671875
2024-04-05,1442.7020263671875,1453.274601948929,1438.6509043996564,1443.467815909923,7442298,1451.7553955078124,1442.9453918457032,1449.6248572928598,1446.5939794970413,-0.0019310927466680283,12.129363987097374,57.93702611842389,5.434027286729133,1468.2686767578125,1446.2098388671875,1461.945068359375
2024-04-08,1468.2686767578125,1473.2090987059642,1443.5912932499484,1445.5427357963142,8357118,1455.2136840820312,1442.1042785644531,1453.014642650124,1448.6582363790194,0.017721365828398783,12.415362233756888,67.55633840692734,6.5701442740516995,1446.2098388671875,1461.945068359375,1449.6680908203125
2024-04-09,1446.2098388671875,1472.0482715276003,1445.0735176190665,1471.2577557160955,7071414,1456.0659057617188,1441.349627685547,1451.777405598681,1448.4250556636068,-0.015023706655197921,10.357624494515372,56.22990704311266,5.625711605903234,1461.945068359375,1449.6680908203125,1447.3707275390625
2024-04-10,1461.945068359375,1469.281643980642,1448.8776750369068,1448.8776750369068,9138330,1459.8206420898437,1441.990655517578,1453.6260715551707,1449.7126759203466,0.010880322529483566,11.419513760146286,63.877902433543696,6.076892789996691,1449.6680908203125,1447.3707275390625,1448.2847900390625
2024-04-12,1449.6680908203125,1468.7627741208264,1445.6415744118667,1458.2891033204971,15551012,1457.2812622070312,1441.5818359375,1452.9064386942873,1449.7084297203432,-0.008397700983963752,10.880308728449442,56.16926834130132,5.381769950600301,1447.3707275390625,1448.2847900390625,1446.876708984375
2024-04-15,1447.3707275390625,1464.4646364315843,1429.0911655763507,1443.591352839028,12902062,1455.20380859375,1443.1948791503905,1451.8999457569737,1449.4857914173642,-0.0015847512239508532,9.845314909052655,53.748297322725975,4.592561880767562,1448.2847900390625,1446.876708984375,1452.6077880859375
2024-04-16,1448.2847900390625,1453.6451964542034,1433.6364862387566,1436.0325186728678,9366184,1453.323974609375,1444.8882080078124,1451.2426447173534,1449.3714103337165,0.0006315330845154676,6.414732027131903,52.95249989116713,3.994816249066389,1446.876708984375,1452.6077880859375,1462.2166748046875
2024-04-18,1446.876708984375,1468.2934876101954,1441.9610129858208,1446.0615875622616,19005692,1451.0884399414062,1447.1657409667969,1450.4488382204484,1449.1338197290172,-0.0009722404490967174,6.304124500587232,56.706983059539276,3.3686464962306673,1452.6077880859375,1462.2166748046875,1441.936279296875
2024-04-19,1452.6077880859375,1456.4366156882386,1425.8307211065503,1439.4168835663286,15741778,1450.9427124023437,1448.6799926757812,1450.841374559628,1449.4646738582478,0.003961000316043073,2.298343658605894,40.845970403576736,3.2968486239483354,1462.2166748046875,1441.936279296875,1432.895263671875
2024-04-22,1462.2166748046875,1465.1562017707047,1450.3103301575065,1454.9048261235944,10350362,1452.6150390625,1451.377459716797,1452.9096109678208,1450.6791501388611,0.006614921658523842,6.419374807855571,47.634964368880695,3.969546683069666,1441.936279296875,1432.895263671875,1442.57861328125
2024-04-23,1441.936279296875,1475.7041133303053,1438.20635702296,1461.3768889290402,14605554,1452.5384643554687,1452.1469299316407,1450.9144597549216,1449.8464957729577,-0.013869624014868687,7.632646711436755,41.30206965505186,2.8335429944868338,1432.895263671875,1442.57861328125,1435.2421875
2024-04-24,1432.895263671875,1451.0513135165108,1432.2282584925008,1446.0614393265091,10462776,1449.001123046875,1452.107403564453,1447.6382422852766,1448.2320927157118,-0.006270052120062264,11.035450730369584,38.00359000440891,1.1899999066286,1442.57861328125,1435.2421875,1447.568359375
2024-04-25,1442.57861328125,1450.4832891142164,1424.3237766526493,1425.31186113177,15943926,1448.6380004882812,1452.351953125,1446.7183097390898,1447.693666102906,0.006757890722983495,11.242759090085869,46.06534001814768,0.6612233831956473,1435.2421875,1447.568359375,1449.5198974609375
2024-04-26,1435.2421875,1447.5437912682185,1432.7225237808307,1446.5062542977878,9413848,1445.9677124023438,1452.8941772460937,1444.6317420592552,1446.5078109978674,-0.005085633263730904,11.542048982615515,46.458495343388215,-0.34583746965859063,1447.568359375,1449.5198974609375,1449.0753173828125
2024-04-29,1447.568359375,1450.4091019997668,1432.7223672737166,1432.7223672737166,7247974,1445.7577392578125,1451.5195007324219,1445.1656724802997,1446.6088156052133,0.008588217363141082,5.932596474191342,51.577268968573314,-0.14761972651399446,1449.5198974609375,1449.0753173828125,1416.9130859375
2024-04-30,1449.5198974609375,1465.403306850403,1445.4440490785064,1450.5079819172845,11474262,1445.97265625,1450.588232421875,1445.9573497495064,1446.8860614962346,0.001348149172575308,7.3397944397459485,42.82477482527937,0.16503960305021792,1449.0753173828125,1416.9130859375,1402.610595703125
2024-05-02,1449.0753173828125,1459.7218309784546,1446.6791643138517,1454.460329459568,14512646,1446.051708984375,1449.687841796875,1446.5242529555621,1447.094562056861,-0.0003067085032111283,6.010529808302262,51.31401587074123,0.3726547455871696,1416.9130859375,1402.610595703125,1384.775634765625
2024-05-03,1416.9130859375,1457.3750954799905,1399.275802819383,1453.4722101911175,17226958,1443.0553466796875,1447.0718933105468,1441.1404044068236,1444.220135759779,-0.022195003295895632,14.012021829205501,32.05355978773791,-2.0345786881837284,1402.610595703125,1384.775634765625,1401.6473388671875
2024-05-06,1402.610595703125,1422.841600588335,1401.1037428015688,1418.3952205864964,7394208,1438.0556274414062,1444.499169921875,1434.1349846425146,1440.25732242105,-0.010094119657954703,21.94179897710717,31.544295701081694,-5.038341098715364,1384.775634765625,1401.6473388671875,1377.51318359375
2024-05-07,1384.775634765625,1403.8209867220144,1375.4135586957902,1399.1028593353728,14517472,1430.3115234375,1441.46328125,1425.160557392171,1434.9733521681524,-0.012715546989404691,28.58233322866669,28.117470637888204,-8.757031140742129,1401.6473388671875,1377.51318359375,1390.65478515625
2024-05-08,1401.6473388671875,1415.8756594095175,1380.8481115524094,1380.8481115524094,9439002,1426.2826293945313,1439.410546875,1420.885426751265,1431.799446139489,0.01218370953242398,24.13641434230746,35.33255834666781,-10.224848582766754,1377.51318359375,1390.65478515625,1385.9859619140625
2024-05-09,1377.51318359375,1406.7851843569276,1373.437335386219,1396.1632769069981,11009612,1420.7444213867188,1434.8727722167969,1412.9995643589893,1426.6293258970377,-0.017218421926975425,15.638927664772444,30.91356747460634,-13.183557271889185,1390.65478515625,1385.9859619140625,1403.1539306640625
2024-05-10,1390.65478515625,1393.1990543318577,1371.535254832905,1380.106935558881,10505096,1415.5520385742188,1432.09501953125,1408.9368772312184,1423.20317915982,0.009540091317467692,10.816174418209426,33.620673518509065,-14.30306102308873,1385.9859619140625,1403.1539306640625,1399.3992919921875
2024-05-13,1385.9859619140625,1390.210046915121,1367.5088315833425,1383.2193979190515,8456620,1410.626416015625,1428.2970642089845,1404.7639835371901,1419.6586822792715,-0.0033572841312036195,8.911472627781352,29.305314561657696,-15.389608995364597,1403.1539306640625,1399.3992919921875,1408.3660888671875
2024-05-14,1403.1539306640625,1410.070521585227,1383.342910466477,1384.2815424166113,7188300,1406.1849731445313,1425.9713562011718,1404.4712466511671,1418.086801173061,0.012386827299672554,10.783194121108433,39.29060925597704,-14.695988287086493,1399.3992919921875,1408.3660888671875,1418.5927734375
2024-05-15,1399.3992919921875,1412.9360003572742,1396.1880176135714,1403.5739245612333,5046534,1401.1729125976562,1423.5727844238281,1403.5490730768072,1416.3070383939303,-0.0026758565755491404,10.305789999516309,40.472223861888416,-14.284592944886299,1408.3660888671875,1418.5927734375,1419.0128173828125
2024-05-16,1408.3660888671875,1410.4904944706304,1381.3667306256436,1401.6471872524828,14711774,1397.1019897460938,1421.5768493652345,1404.4248941296037,1415.5507574866213,0.006407604267281597,9.125177357040855,40.22857142857142,-13.08418723723753,1418.5927734375,1419.0128173828125,1443.24560546875
2024-05-17,1418.5927734375,1420.0749000882806,1396.4103261437938,1406.0936018418706,10916476,1397.2699584960938,1420.1626525878905,1407.0008721855847,1415.8404732914669,0.007261382286290585,11.982760198118081,45.32199846069631,-11.178786990738672,1419.0128173828125,1443.24560546875,1468.3428955078125
2024-05-21,1419.0128173828125,1424.6448506468714,1408.6132041549795,1408.6132041549795,11176128,1398.9101806640624,1418.4829040527343,1409.1848622214445,1416.1426013001665,0.0002960990307985245,8.89585284155386,41.401430748522166,-9.525050676724959,1443.24560546875,1468.3428955078125,1462.6119384765625
2024-05-22,1443.24560546875,1451.2737917888355,1419.1610465084934,1419.1610465084934,10281604,1404.757177734375,1417.5343505859375,1415.3777246300456,1418.7238397924125,0.017077215786275746,16.409856681522943,48.33422457293419,-6.18774083208973,1468.3428955078125,1462.6119384765625,1448.77880859375
2024-05-23,1468.3428955078125,1474.4442444107415,1437.6628261266358,1441.1705740518107,14608260,1411.4267333984376,1418.8546813964845,1425.0077556987305,1423.4494641462602,0.01738947961730397,24.254182857994895,54.52328413812867,-1.5004607987657437,1462.6119384765625,1448.77880859375,1438.8485107421875
2024-05-24,1462.6119384765625,1470.7636348065282,1458.5113640783345,1465.9467233388211,7094776,1419.9366088867187,1420.3405151367188,1431.8448798401546,1427.179223606289,-0.0039030100181525196,23.430792535866782,62.2483600255198,1.7318385046080493,1448.77880859375,1438.8485107421875,1423.6072998046875
2024-05-27,1448.77880859375,1467.2066075031105,1444.134859977049,1462.587264504762,6629010,1425.7490112304688,1420.6505249023437,1434.923775977172,1429.2363269384282,-0.009457826453420637,19.300362982441865,62.405371364095565,3.141033141903563,1438.8485107421875,1423.6072998046875,1407.8720703125
2024-05-28,1438.8485107421875,1460.8828419616084,1435.4396676765145,1450.5079553599196,7820162,1431.0352661132813,1420.8308410644531,1435.6373641162659,1430.1517730149767,-0.006854253936252164,12.639348269929284,65.17393166052923,3.4171472525724766,1423.6072998046875,1407.8720703125,1413.35595703125
2024-05-29,1423.6072998046875,1440.6270291639403,1421.3099312467443,1429.2640587693002,7383556,1433.0806030273438,1419.6327880859376,1433.450079695979,1429.528489852092,-0.010592644620828318,18.06753666086815,56.21931758152707,2.3787110279961325,1407.8720703125,1413.35595703125,1492.32861328125
2024-05-30,1407.8720703125,1423.2368313836507,1403.178669288835,1418.3951935729253,13206858,1433.927880859375,1417.5503967285156,1428.7995325353465,1427.4659737054642,-0.01105306884443924,21.35284490558635,59.02745915682733,0.282781593090931,1413.35595703125,1492.32861328125,1380.625732421875
2024-05-31,1413.35595703125,1425.0647331073133,1405.3030450073677,1414.245257118902,31069832,1434.4268676757813,1415.7644287109374,1425.99160971642,1426.1221625936341,0.003895159819125249,17.153455156881602,57.07246800108311,-0.9250898964994576,1492.32861328125,1380.625732421875,1403.821044921875
2024-06-03,1492.32861328125,1496.4539141466187,1441.6152266357983,1465.3292536675044,21527942,1441.8004516601563,1419.535205078125,1438.0528830918436,1432.4275388495976,0.055875984996647254,34.04173433857354,72.645987972522,4.438927411046507,1380.625732421875,1403.821044921875,1414.5416259765625
2024-06-04,1380.625732421875,1480.1999676014107,1343.1032493273078,1480.1999676014107,36709098,1437.9617431640625,1418.4359619140625,1427.6115829700311,1427.4940334755288,-0.07485139657931561,41.60141028807108,46.57967669918999,-0.31985211639380395,1403.821044921875,1414.5416259765625,1452.4345703125
2024-06-05,1403.821044921875,1414.097147783154,1367.6077240917773,1405.0561505394378,17464890,1434.019287109375,1419.388232421875,1423.2860305976392,1425.2394631370855,0.016800579588873044,42.52632288194107,50.633908236869544,-2.194257277591987,1414.5416259765625,1452.4345703125,1453.867431640625
2024-06-06,1414.5416259765625,1426.4974232883105,1404.4137607114592,1417.9011371144834,17855722,1428.63916015625,1420.0329467773438,1421.6961388483523,1424.22062150275,0.007636714874355022,42.16956737790334,50.88090339350662,-2.7825995017740297,1452.4345703125,1453.867431640625,1439.31787109375
2024-06-07,1452.4345703125,1454.4601915157414,1409.5023527154926,1411.478521453965,18558696,1427.6214233398437,1423.7790161132812,1427.2849445691063,1426.9076642465357,0.02678814369268001,43.99566672059554,54.47418859013481,-0.1890418728187342,1453.867431640625,1439.31787109375,1445.8885498046875
2024-06-10,1453.867431640625,1475.5558362929214,1450.5819785928986,1452.4346368701142,9251760,1428.1302856445313,1426.9396484375,1432.118124036655,1429.4752611412107,0.000986523838947706,31.761974046849502,54.59578428308057,1.9594043740230518,1439.31787109375,1445.8885498046875,1447.790771484375
2024-06-11,1439.31787109375,1456.1153056542432,1437.3417023219272,1451.4959629037996,11774902,1428.1772216796876,1429.6062438964843,1433.4271689561267,1430.412652565262,-0.01000748777380378,22.610747827861594,49.46853388955362,2.4596818813531627,1445.8885498046875,1447.790771484375,1459.9442138671875
2024-06-12,1445.8885498046875,1458.41256776401,1437.835758473946,1440.1330064471847,10081742,1430.4053466796875,1431.7429748535155,1435.6928745649561,1431.8865475404455,0.0045651338338099645,15.991190602669482,46.80130405991943,3.3477633368991064,1447.790771484375,1459.9442138671875,1463.3778076171875
2024-06-13,1447.790771484375,1454.7073627830548,1442.7021123343332,1454.4603416652449,9181160,1434.397216796875,1434.162548828125,1437.8924921866687,1433.4012355351053,0.0013156074027589337,5.785224780462594,47.865390653816526,4.157146681510994,1459.9442138671875,1463.3778076171875,1441.2694091796875
2024-06-14,1459.9442138671875,1462.0438933040555,1439.8613252368543,1452.4841280922399,8157998,1439.0560424804687,1436.741455078125,1441.9018961285813,1435.9291382333988,0.008394474272240382,7.869248774853243,51.61590882350136,5.713409415872775,1463.3778076171875,1441.2694091796875,1456.1400146484375
2024-06-18,1463.3778076171875,1469.6768460329972,1453.8180422457062,1469.6273935638167,7196766,1436.1609619140625,1438.9807067871093,1445.8066073083278,1438.543297222331,0.00235186640515872,10.071733026290707,53.61802849280262,7.141498416687909,1441.2694091796875,1456.1400146484375,1436.872314453125
2024-06-19,1441.2694091796875,1469.7756214798555,1438.650961260282,1469.7756214798555,8725874,1442.2253295898438,1440.0935363769531,1444.9816621940295,1438.8029269325555,-0.015107785783289307,9.515513490076485,52.553403561578655,6.415354044343985,1456.1400146484375,1436.872314453125,1424.2989501953125
2024-06-20,1456.1400146484375,1465.181011544537,1432.8212456085912,1441.6152213906755,16113776,1447.4572265625,1440.7382568359376,1447.0104535493763,1440.454078143592,0.010317713936087491,9.05596915925813,56.99556464525123,6.959587191218816,1436.872314453125,1424.2989501953125,1436.822998046875
2024-06-21,1436.872314453125,1457.1280450509373,1423.4096642387256,1456.0659025463858,31170360,1449.6902954101563,1439.164727783203,1445.167155531876,1440.1129577921188,-0.013232038129220913,11.75317847793244,53.27732699301005,5.769644630412358,1424.2989501953125,1436.822998046875,1495.9844970703125
2024-06-24,1424.2989501953125,1432.2283517054532,1420.3713387903338,1428.3007403004744,8878386,1446.8767333984374,1437.2490783691405,1441.3729363797736,1438.606861830518,-0.00875050909627828,15.560395506003562,38.365991977885116,3.768599097756578,1436.822998046875,1495.9844970703125,1512.3126220703125
2024-06-25,1436.822998046875,1438.576872033328,1423.8296636688654,1425.8058325289194,7045386,1445.1722900390625,1436.6512878417968,1440.5456748647011,1438.4369700415996,0.008793131420791411,11.448635030668905,64.54415868009221,3.1569507273077306,1495.9844970703125,1512.3126220703125,1546.7474365234375
2024-06-26,1495.9844970703125,1500.875466568816,1427.905458276952,1428.8194845866847,22014882,1450.8389526367187,1439.5080871582031,1450.6254607202668,1443.917686901477,0.04117521720062789,28.10153198036373,70.10884300835619,7.361198214126944,1512.3126220703125,1546.7474365234375,1541.5599365234375
2024-06-27,1512.3126220703125,1519.1797603831344,1488.0551018777237,1495.7127559544517,28383030,1457.4813598632813,1443.9433532714843,1461.841308238457,1450.43149025089,0.010914635166324516,39.90678631398615,70.82280416050516,11.873764499081062,1546.7474365234375,1541.5599365234375,1546.525146484375
2024-06-28,1546.7474365234375,1562.1615299634889,1512.782033239127,1512.782033239127,28957336,1467.3770263671875,1450.8871215820313,1477.2787861084535,1459.604437514942,0.02276964031814055,51.64644046639191,70.38660108005757,18.020874114617982,1541.5599365234375,1546.525146484375,1533.927001953125
2024-07-01,1541.5599365234375,1560.5805616644209,1537.138282854078,1543.9066370278445,7724306,1475.5385986328124,1457.2973205566407,1488.966268002087,1467.4097231347987,-0.0033538119265674737,44.29483668126837,68.65277668868339,22.217801886168445,1546.525146484375,1533.927001953125,1535.5079345703125
2024-07-02,1546.525146484375,1554.7509013864856,1538.4475077589818,1550.7985635373939,7749246,1483.8533325195312,1460.007147216797,1499.43151863523,1474.9445253585677,0.0032208997154759,23.171354262827933,73.77299633704394,25.6488839617748,1533.927001953125,1535.5079345703125,1569.6956787109375
2024-07-03,1533.927001953125,1556.2329594590622,1524.391963189475,1547.661278880494,9049620,1493.119091796875,1467.6722106933594,1505.7034246930293,1480.561904081859,-0.008146097436494082,14.338395048028778,69.01407262463492,27.039778514680165,1535.5079345703125,1569.6956787109375,1581.824462890625
2024-07-04,1535.5079345703125,1548.822348177101,1532.321386398175,1538.447461634288,6837176,1501.0558837890626,1474.2565551757812,1511.1224264888988,1485.7948593664735,0.0010306439714371507,5.999094913062462,68.9710104140321,27.94747937300326,1569.6956787109375,1581.824462890625,1571.325927734375
2024-07-05,1569.6956787109375,1579.4530127748421,1529.5547474353805,1535.3102911811948,12269710,1514.3382202148437,1482.0142578125,1521.7721087110876,1493.7854135897558,0.02226477856019149,14.45480355835834,71.67102457009089,31.067378673528538,1581.824462890625,1571.325927734375,1565.3480224609375
2024-07-08,1581.824462890625,1589.6303543798022,1563.6684106310508,1570.0662334946016,9500806,1530.090771484375,1488.4837524414063,1532.6907185619127,1502.1700849517433,0.0077268379751467275,21.33096564428491,72.61149791925236,34.12523836008586,1571.325927734375,1565.3480224609375,1561.815673828125
2024-07-09,1571.325927734375,1581.4290665009253,1561.6673786971023,1578.563597646217,6960002,1543.541064453125,1494.3566772460938,1539.7153020478147,1508.7563556929463,-0.00663697862976842,22.17169325530939,75.97940029699856,35.29461578455289,1565.3480224609375,1561.815673828125,1577.69921875
2024-07-10,1565.3480224609375,1578.4648673124634,1544.5241914718106,1575.9946562525065,7134578,1550.4774169921875,1500.658184814453,1544.3757966683827,1514.1460382422788,-0.003804370034202087,17.426240326350552,72.61837944324269,35.33170689832491,1561.815673828125,1577.69921875,1578.1932373046875
2024-07-11,1561.815673828125,1585.1344421846698,1551.786592769845,1568.5840280306456,11940946,1555.4277221679688,1506.454541015625,1547.5466834246995,1518.686003536169,-0.00225658996090794,7.587698750175043,77.681659402346,34.676343556373695,1577.69921875,1578.1932373046875,1557.4681396484375
2024-07-12,1577.69921875,1586.0238790122883,1555.739064587694,1565.619909710512,12924784,1558.522900390625,1512.9499633789062,1553.0289625747541,1524.3063097470101,0.010169922858401792,8.316180805323944,83.49509749829281,35.034773654808305,1578.1932373046875,1557.4681396484375,1567.7689208984375
2024-07-15,1578.1932373046875,1586.7154660951303,1566.607970695329,1585.332123675554,5329688,1562.18623046875,1518.8624145507813,1557.6042852529238,1529.4383980858365,0.00031312594239540914,7.296381911561174,82.57992752045344,34.9557471647272,1557.4681396484375,1567.7689208984375,1536.61962890625
2024-07-16,1557.4681396484375,1580.9351457176842,1550.4280378276635,1574.5125966882063,9386838,1563.2805297851562,1523.5669311523438,1557.5795315066534,1532.1078972822747,-0.013132167320425991,9.409050326999843,67.22011845810272,32.842191586931676,1567.7689208984375,1536.61962890625,1482.793701171875
2024-07-18,1567.7689208984375,1574.9078068261192,1539.2625884242743,1557.2210712967385,12298374,1566.6647216796875,1529.8919067382812,1559.432147759705,1535.5041852457189,0.006613799016347954,9.2932969390946,66.07472177835398,31.6337167286938,1536.61962890625,1482.793701171875,1470.1708984375
2024-07-19,1536.61962890625,1571.029623251694,1534.2976544625544,1567.1020115011324,13140390,1566.7758911132812,1533.9158874511718,1555.2844170590768,1535.6104179752933,-0.01986854795816262,17.281912480835157,47.00732307146253,27.841563940341985,1482.793701171875,1470.1708984375,1477.8779296875
2024-07-22,1482.793701171875,1519.1798633102128,1481.4103587992008,1518.9328421942273,19674376,1558.085693359375,1536.2119567871093,1542.1042868977672,1530.580254470206,-0.03502879093942579,37.79746523710077,36.51211775326079,20.259415082448413,1470.1708984375,1477.8779296875,1474.6171875
2024-07-23,1470.1708984375,1487.808182000688,1445.5675711552426,1483.1147807956386,18052044,1546.9203369140625,1538.5055541992188,1529.0254889959003,1524.826982467091,-0.008512851601945037,44.117052458817696,33.07045141565405,13.0811613137505,1477.8779296875,1474.6171875,1491.044189453125
2024-07-24,1477.8779296875,1491.5135439533938,1458.8079713194404,1467.3054738461674,11913362,1537.575537109375,1540.55830078125,1519.7259327580095,1520.35564410713,0.005242268948590256,42.896958191513676,37.29707028699545,7.9229061666080725,1474.6171875,1491.044189453125,1501.9871826171875
2024-07-25,1474.6171875,1482.595920809754,1459.474721651074,1463.3530011800513,12519876,1528.5024536132812,1539.4899353027345,1511.5243427110988,1515.9996006207368,-0.002206367739850834,27.338352031102087,36.304039950863164,3.531132458971115,1491.044189453125,1501.9871826171875,1495.1199951171875
2024-07-26,1491.044189453125,1494.4037007697482,1472.59166375446,1474.6172851615388,9859940,1521.4253051757812,1538.426513671875,1507.800678482376,1513.62289479525,0.011139841643223125,8.022210464700175,30.77298615790363,1.3604593970094356,1501.9871826171875,1495.1199951171875,1487.4869384765625
2024-07-29,1501.9871826171875,1509.2990318372968,1493.7614276294273,1493.9342700426573,7538550,1513.8541015625,1536.1885009765624,1506.7436792341598,1512.5147317306726,0.007339147452146255,13.097879736563907,30.369300053366885,0.5172311319561231,1495.1199951171875,1487.4869384765625,1497.244384765625
2024-07-30,1495.1199951171875,1506.8287716127938,1492.0075050067665,1498.9488223237445,8228208,1505.54677734375,1533.86650390625,1504.6302821219829,1510.8580901484358,-0.004572067977327232,11.58744025738393,30.92148973246401,-0.6971219945896792,1487.4869384765625,1497.244384765625,1481.4595947265625
2024-07-31,1487.4869384765625,1492.4519658681731,1483.2628537354879,1486.0788700242824,10057346,1498.5486572265625,1530.9145935058593,1501.5133105500884,1508.632266179686,-0.005105313731040506,10.172641888801595,30.667334287886177,-2.2494986548724683,1497.244384765625,1481.4595947265625,1430.0792236328125
2024-08-01,1497.244384765625,1499.9121644798522,1486.37545603751,1493.9836579008804,10764222,1491.4962036132813,1529.0804626464844,1500.7371422256404,1507.5477060450135,0.006559685357006018,5.5917419760004545,34.447917658943666,-2.6617410789876885,1481.4595947265625,1430.0792236328125,1438.700439453125
2024-08-02,1481.4595947265625,1491.3404387261814,1475.481756476256,1487.0670219426547,10268248,1485.9802001953126,1526.3780456542968,1497.2321335894444,1505.063124014685,-0.010542560853573302,8.158954257738715,26.809524509876013,-4.213575333715426,1430.0792236328125,1438.700439453125,1447.3707275390625
2024-08-05,1430.0792236328125,1466.2184833782828,1416.1719837774867,1462.3649300475706,17046704,1480.7087524414062,1519.3972229003907,1485.0225135973294,1497.9218001687923,-0.03468226286875775,27.665075848281678,21.33845076690639,-9.480101001351613,1438.700439453125,1447.3707275390625,1431.85791015625
2024-08-06,1438.700439453125,1459.8948030686215,1434.0316438440889,1437.8111393077952,10236186,1477.5617065429688,1512.2410217285155,1476.6003182983832,1492.281670576824,0.006028488266833332,30.444728686824035,25.887731093103397,-12.810528669801442,1447.3707275390625,1431.85791015625,1456.7330322265625
2024-08-07,1447.3707275390625,1454.954323788822,1444.0853950542364,1451.4960282823629,8174568,1474.510986328125,1506.04326171875,1471.285847251234,1488.004437906561,0.006026472118986215,28.942985168335202,25.393803132861706,-14.582202253101059,1431.85791015625,1456.7330322265625,1443.220947265625
2024-08-08,1431.85791015625,1447.5437511456266,1428.6960880928925,1440.157843842289,12387192,1470.23505859375,1499.3687561035156,1464.1171314157823,1482.6571495493884,-0.010717929475600685,21.011654709829916,27.12762781970919,-17.04157636453624,1456.7330322265625,1443.220947265625,1446.1851806640625
2024-08-09,1456.7330322265625,1458.9067698886504,1438.6510375603623,1442.6033755756382,6249776,1466.8039428710938,1494.1146240234375,1462.7745679268332,1480.1881859948335,0.01737261909430532,11.138112862807093,43.486880039538356,-16.789890202763672,1443.220947265625,1446.1851806640625,1444.4312744140625
2024-08-12,1443.220947265625,1455.4484931603017,1440.380204279993,1452.4842396100769,8184584,1460.9273193359375,1487.3907104492187,1459.21936417025,1476.6674965920517,-0.009275608270023716,9.336999449964397,43.294435670027944,-17.479249529281333,1446.1851806640625,1444.4312744140625,1460.5863037109375
2024-08-13,1446.1851806640625,1452.5582774619256,1440.6272053348387,1443.3444377180147,6265064,1456.033837890625,1480.7903076171874,1456.8495126236705,1473.7644188846243,0.002053901312930373,8.951837053664645,41.923741419867646,-17.583689077768668,1444.4312744140625,1460.5863037109375,1475.65625
2024-08-14,1444.4312744140625,1454.4603560192809,1436.3783617708266,1446.1110904012166,6267466,1451.728271484375,1475.1384643554688,1454.5916511310145,1470.970786077904,-0.0012127812353841527,8.859303290213159,42.24819639837668,-17.60504376301924,1460.5863037109375,1475.65625,1483.1416015625
2024-08-16,1460.5863037109375,1462.760161748311,1440.676499654279,1451.1501701128775,9416902,1448.0624633789062,1469.7793334960938,1455.6815879637277,1469.9817877572405,0.011184353027407612,7.884399909419769,42.167412220809595,-16.132427076635395,1475.65625,1483.1416015625,1485.8433837890625
2024-08-19,1475.65625,1485.47150978375,1467.8238660907393,1469.8067419652286,13797742,1447.48212890625,1466.7311645507812,1459.3133446975955,1470.5222127327413,0.010317737644652603,13.974898662278642,43.3694437972117,-13.592661284168798,1483.1416015625,1485.8433837890625,1485.2979736328125
2024-08-20,1483.1416015625,1491.0484162933285,1477.2674041310693,1484.4057091952604,8411808,1452.7883666992188,1466.7485595703124,1463.645755036669,1471.7240592879566,0.005072557760318563,17.278799489226135,46.993007678744235,-10.850792105208257,1485.8433837890625,1485.2979736328125,1487.1322021484375
2024-08-21,1485.8433837890625,1494.964564922092,1477.2426107826689,1480.464784262564,7769996,1457.5026611328126,1467.5321838378907,1467.6816875371044,1473.0687568594906,0.001821661683359288,17.306514595958234,49.57693637077769,-8.363421464243174,1485.2979736328125,1487.1322021484375,1499.6490478515625
2024-08-22,1485.2979736328125,1493.6012664349316,1477.8869991875908,1490.1312336221058,10445782,1461.2953857421876,1467.9031860351563,1470.884648645415,1474.2334441712355,-0.0003670710938989963,10.605304154371073,46.7718047084514,-6.362825658695556,1487.1322021484375,1499.6490478515625,1487.6031494140625
2024-08-23,1487.1322021484375,1498.3849993365056,1485.5955458508122,1490.8749048344312,9249654,1466.8228149414062,1468.5289367675782,1473.838749282328,1475.4618973119216,0.001234922923336823,4.5698242590205895,51.6578642056879,-4.576576235339871,1499.6490478515625,1487.6031494140625,1485.4715576171875
2024-08-26,1499.6490478515625,1509.9600269352031,1490.131267553257,1494.0722092753902,8816114,1471.1144165039063,1468.9591796875,1478.5315308403706,1477.765435458554,0.008416767308946804,6.553297951307475,76.30870475620699,-2.126443540036007,1487.6031494140625,1485.4715576171875,1507.90283203125
2024-08-27,1487.6031494140625,1500.516654009415,1486.6117113802566,1497.5671500638725,6251156,1475.55263671875,1468.2399780273438,1480.1809160355874,1478.7023605971738,-0.008032478302011592,5.96774709574314,68.02626380618204,-1.1435173032302828,1485.4715576171875,1507.90283203125,1496.6995849609375
2024-08-28,1485.4715576171875,1494.567928369235,1480.2168879705305,1492.1141436005682,9610286,1479.4812744140625,1467.7575561523438,1481.1428508686056,1479.3470460276512,-0.0014329035251872124,6.020636313150702,64.75583904268254,-0.5304283743928409,1507.90283203125,1496.6995849609375,1503.267822265625
2024-08-29,1507.90283203125,1523.8401488737275,1481.2083164719252,1490.2303777286736,38335358,1485.8284301757812,1468.7783508300781,1486.0083019890865,1482.0666446946607,0.015100440192906905,9.810919287340118,77.95302513331264,1.745346134215879,1496.6995849609375,1503.267822265625,1496.203857421875
2024-08-30,1496.6995849609375,1526.5418444404818,1490.4534771750382,1520.865886117465,41620730,1489.4397583007812,1468.7511108398437,1487.9521716203321,1483.4602580533538,-0.00742968766443719,9.157069770224926,66.33276730074289,2.6147640469275757,1503.267822265625,1496.203857421875,1501.5823974609375
2024-09-02,1503.267822265625,1513.7275412609433,1493.7252318027681,1497.9388431759776,11240852,1492.2009155273438,1469.8415222167969,1490.7368353740217,1485.3466927402367,0.004388480741684075,9.697482715109063,76.01526950098052,3.7900959966118535,1496.203857421875,1501.5823974609375,1480.192138671875
2024-09-03,1496.203857421875,1509.9600595401412,1494.5927706873033,1508.2250430567562,10923800,1493.5071411132812,1473.14775390625,1491.7308393827225,1486.3807084242023,-0.004699072739482779,8.480180181340556,70.92714088574147,4.1042409725428115,1501.5823974609375,1480.192138671875,1452.2830810546875
2024-09-04,1501.5823974609375,1504.50709100704,1486.6612078847159,1487.850885016148,11983304,1495.0810424804688,1476.2918518066406,1493.5220317605797,1487.8284883324627,0.0035947909186186955,4.861626551607723,73.20738144051901,4.732651301844044,1480.192138671875,1452.2830810546875,1449.9283447265625
2024-09-05,1480.192138671875,1512.7113538076746,1474.3179410781217,1506.0439573959175,16264168,1494.570458984375,1477.9329223632812,1491.0984148353607,1487.1012169362164,-0.014245144871990911,9.131811317391946,57.636658776944,3.4647167983016516,1452.2830810546875,1449.9283447265625,1449.0113525390625
2024-09-06,1452.2830810546875,1484.182646260627,1449.110527949692,1479.721175380084,19394228,1491.085546875,1478.9541809082032,1484.041081420693,1483.7852039951185,-0.01885502353919355,21.290715064312256,41.72371552538692,0.2054732970234454,1449.9283447265625,1449.0113525390625,1439.0721435546875
2024-09-09,1449.9283447265625,1457.339440034618,1443.1370191466497,1453.943716732093,9010298,1486.1134765625,1478.613946533203,1477.8387656581237,1480.560741207637,-0.0016214031264586426,24.095877177934906,37.79598054052697,-2.5382488489224215,1449.0113525390625,1439.0721435546875,1467.1298828125
2024-09-10,1449.0113525390625,1459.4462610127246,1445.0951000796938,1447.9951044503912,10768260,1482.254296875,1478.903466796875,1472.5974178182944,1477.5560375249156,-0.0006324396587149561,23.456305876545173,36.28641240025961,-4.732113167980742,1439.0721435546875,1467.1298828125,1460.016357421875
2024-09-11,1439.0721435546875,1456.1744477064742,1435.1560121734635,1450.5232999620255,9760202,1477.61435546875,1478.5478149414062,1466.5019134067295,1473.8909047658462,-0.0068593037362743026,15.437246933013501,33.9140740489015,-7.189896890577984,1467.1298828125,1460.016357421875,1458.752197265625
2024-09-12,1467.1298828125,1473.2767495080643,1433.4953029575859,1444.5250498204912,22349376,1473.537060546875,1479.6827453613282,1466.6160896623242,1473.2469979131465,0.01949710400793836,10.099757473726166,44.11376530929683,-6.795350557054462,1460.016357421875,1458.752197265625,1459.6942138671875
2024-09-13,1460.016357421875,1470.451266381587,1456.918113729867,1463.7590600068495,8711328,1469.8687377929687,1479.654248046875,1465.4161383458788,1471.9869369139778,-0.004848599618861527,10.81905057861175,37.953902401197965,-6.976253881812681,1458.752197265625,1459.6942138671875,1450.919921875
2024-09-16,1458.752197265625,1468.2204780575375,1452.2087310287416,1464.8991851443227,5481774,1465.4171752929688,1478.8090454101562,1464.2045126949236,1470.7264855188967,-0.0008658534199453838,10.905618972134588,40.61590016636293,-7.139330472001802,1459.6942138671875,1450.919921875,1457.0916748046875
2024-09-17,1459.6942138671875,1464.8248328952707,1454.0677548146177,1461.3796100548857,5935328,1461.7662109375,1477.6366760253907,1463.3844583626078,1469.6757929806388,0.0006457687627332565,10.528858980750908,41.55023808571085,-7.110590516361299,1450.919921875,1457.0916748046875,1473.2025146484375
2024-09-18,1450.919921875,1469.3111455549956,1448.0448484372855,1457.413889315684,8574714,1456.6999633789062,1475.8905029296875,1461.1181790012247,1467.8895195420066,-0.006011048005007624,5.75546268744003,29.484245019654168,-7.706984607286358,1457.0916748046875,1473.2025146484375,1480.5887451171875
2024-09-19,1457.0916748046875,1463.8581906691413,1443.0876132109174,1453.6959512825117,16955902,1454.3899169921874,1474.4801879882812,1460.3860873291271,1466.8611533765477,0.0042536826716885745,3.7406015366304355,35.20375683795217,-7.594082483480406,1473.2025146484375,1480.5887451171875,1476.6229248046875
2024-09-20,1473.2025146484375,1482.1997658201985,1458.7770437683578,1461.3795684407844,30897320,1456.4818603515625,1473.7837036132812,1462.7163468417289,1467.465092545299,0.011056847089535138,8.1676195287096,39.516033600453596,-6.13388895184039,1480.5887451171875,1476.6229248046875,1481.15869140625
2024-09-23,1480.5887451171875,1488.6441789861601,1476.2015834923338,1478.2340798324108,8832314,1459.547900390625,1472.8306884765625,1465.9658738009032,1468.7149642188122,0.005013723772059109,12.214516890727014,44.56712028792109,-4.3307458460471935,1476.6229248046875,1481.15869140625,1485.12451171875
2024-09-24,1476.6229248046875,1487.6526722077606,1475.1357678514642,1475.7554165819738,17137444,1462.3090576171876,1472.2816772460938,1467.9035194379549,1469.468103322229,-0.0026785427929117978,12.943362090935246,41.22977385145672,-3.1850353938325497,1481.15869140625,1485.12451171875,1513.10791015625
2024-09-25,1481.15869140625,1483.6869066134093,1467.5264194610884,1471.1948125268714,7069002,1466.5177124023437,1472.0660339355468,1470.3135507049176,1470.5814926635644,0.0030717162285438526,9.84516274971431,50.38525839267746,-1.8892747648353634,1485.12451171875,1513.10791015625,1463.9324951171875
2024-09-26,1485.12451171875,1491.122760061236,1475.309372285805,1477.8870868947113,18818998,1468.3171752929688,1470.9271179199218,1473.0064527074326,1471.9665420973915,0.00267751209611089,4.565599668061768,66.17821977464254,-0.5361857597538346,1513.10791015625,1463.9324951171875,1452.2830810546875
2024-09-27,1513.10791015625,1520.345334807694,1479.2254687210307,1486.1655345930462,20597478,1473.6263305664063,1471.7475341796876,1480.2976267890358,1475.8847676268067,0.01884245948180774,14.726977041212995,74.84888552172063,2.762330980093566,1463.9324951171875,1452.2830810546875,1394.928466796875
2024-09-30,1463.9324951171875,1511.9181178232873,1461.7761901136828,1506.3908994638518,27008814,1474.1443603515625,1469.7807678222657,1477.322148303245,1474.746455959224,-0.03249960872518631,18.122730297296346,54.253801255879544,1.392334280503519,1452.2830810546875,1394.928466796875,1374.653564453125
2024-10-01,1452.2830810546875,1475.2100841908111,1450.3002051077794,1467.9726595996829,16431642,1473.4032470703125,1467.5847290039062,1472.769590621689,1472.6070869206967,-0.007957616967555259,23.163921162622792,53.72987623141334,-0.6261900022861937,1394.928466796875,1374.653564453125,1358.9888916015625
2024-10-03,1394.928466796875,1436.9902726871705,1390.070396353704,1424.2750076222521,37757294,1467.8041015625,1462.2520324707032,1458.6166590171774,1465.2091230993803,-0.03949272356471989,43.99837321122607,32.50875931231414,-6.775815691678872,1374.653564453125,1358.9888916015625,1385.3858642578125
2024-10-04,1374.653564453125,1405.2145916660443,1369.9442340651563,1391.9046094477658,37072876,1459.5602905273438,1456.9751037597657,1443.3506418237134,1456.5847841806892,-0.01453472549048096,55.609722836372086,30.559994217692747,-13.13405235105597,1358.9888916015625,1385.3858642578125,1362.8306884765625
2024-10-07,1358.9888916015625,1384.5432314460647,1349.7189700751067,1381.5689173076198,22181340,1448.1389282226562,1452.3103942871094,1428.0121417833222,1447.2899372683914,-0.011395360443265057,46.82358287646207,28.678950139286087,-19.21550452133556,1385.3858642578125,1362.8306884765625,1359.31103515625
2024-10-08,1385.3858642578125,1389.004637160655,1353.4119887771337,1361.2195630224157,17020808,1438.6186401367188,1449.083270263672,1420.261909505957,1441.394311267384,0.01942397970975418,35.599218684462784,35.677426701789955,-21.65545350813477,1362.8306884765625,1359.31103515625,1360.35205078125
2024-10-09,1362.8306884765625,1388.979866453412,1360.7486928237201,1385.5594536683957,14310610,1427.2394165039063,1444.774237060547,1409.8198693187944,1433.912061477782,-0.016280789607546198,15.074305159367439,33.87770841460086,-25.119581938939064,1359.31103515625,1360.35205078125,1360.7734375
2024-10-10,1359.31103515625,1374.132983939481,1357.699948504806,1368.209166456891,22358646,1415.0546508789062,1440.786181640625,1400.6364449256046,1426.807201828112,-0.0025826049780599547,11.50743630882708,31.92852982037701,-27.828149698723337,1360.35205078125,1360.7734375,1332.5174560546875
2024-10-11,1360.35205078125,1371.4314188021033,1357.1050671377104,1358.2700551936466,7980122,1402.5774047851562,1435.4472900390624,1393.312009626631,1420.478139823649,0.0007658406340240731,11.288182648885567,27.91306961340328,-29.550073053839014,1360.7734375,1332.5174560546875,1342.4813232421875
2024-10-14,1360.7734375,1368.2587216327886,1356.5350159311083,1367.6390728953818,12221432,1387.3439575195312,1430.4851440429688,1387.3959056036072,1414.791977697587,0.0003097629900348231,11.0617806480251,25.89268302267719,-30.52879043935627,1332.5174560546875,1342.4813232421875,1344.811279296875
2024-10-15,1332.5174560546875,1359.9554295521655,1329.2208521541709,1346.8933067731043,33762794,1374.2024536132812,1424.173406982422,1377.4180056856217,1406.956308969692,-0.020764648005787145,12.720292604295265,23.587144755742315,-33.20172377191602,1342.4813232421875,1344.811279296875,1347.66162109375
2024-10-16,1342.4813232421875,1352.3213935222657,1326.1722170162907,1328.5268821992931,20034438,1363.2222778320313,1418.312762451172,1371.0658816049972,1400.815834138501,0.007477475917652132,12.905315052821313,25.077955086813475,-34.12269667823034,1344.811279296875,1347.66162109375,1357.476806640625
2024-10-17,1344.811279296875,1356.7332239102464,1340.4737382347967,1354.0067695283685,15543660,1358.2105590820313,1413.0073303222657,1366.292317548975,1395.482067010727,0.0017355593812362624,12.205446677367199,24.634830320117075,-34.269528567097495,1347.66162109375,1357.476806640625,1331.8482666015625
2024-10-18,1347.66162109375,1356.70849216764,1329.840427555484,1340.5976258716714,12082452,1355.5113647460937,1407.5358276367188,1362.9049181934795,1390.9277388281578,0.0021195106263276475,10.197703807252104,17.101993974482326,-33.76665416498213,1357.476806640625,1331.8482666015625,1327.0645751953125
2024-10-21,1357.476806640625,1362.2357572594483,1346.1000802528206,1355.4196212833501,14067408,1355.36015625,1401.7495422363281,1361.9179888202332,1387.7419357626786,0.007283123146972992,9.013152216668706,24.903552125018777,-32.204881308702625,1331.8482666015625,1327.0645751953125,1328.3287353515625
2024-10-22,1331.8482666015625,1364.2187428070656,1328.7500227270916,1357.4769157261562,15831960,1350.006396484375,1394.312518310547,1356.4507665986566,1382.4187291759058,-0.018879541745163153,9.246600560382703,23.36364677016647,-32.658704842554926,1327.0645751953125,1328.3287353515625,1316.4808349609375
2024-10-23,1327.0645751953125,1345.8522769141389,1323.56973203491,1326.0483270387208,17214742,1346.42978515625,1386.8346008300782,1351.1078227071396,1377.1469049872778,-0.0035917690672500058,12.301977834288293,30.442833894899337,-33.02369063119863,1328.3287353515625,1316.4808349609375,1322.9251708984375
2024-10-24,1328.3287353515625,1332.1952468902052,1311.7964576126847,1323.8424540123256,22155934,1343.3315551757812,1379.1931030273438,1346.966170460671,1372.497555498162,0.0009525988259191376,13.4398728955262,35.007233797439454,-32.832465118313394,1316.4808349609375,1322.9251708984375,1328.52685546875
2024-10-25,1316.4808349609375,1332.8395608533488,1310.6809472586556,1331.996862815434,18597496,1338.94443359375,1370.760919189453,1341.423382187992,1367.162629732712,-0.008919403815719762,15.22731230500961,35.89401451811524,-33.25361706823014,1322.9251708984375,1328.52685546875,1332.3935546875
2024-10-28,1322.9251708984375,1341.4155124030337,1310.7800563182918,1325.552505604476,10824350,1335.1596069335938,1361.2517822265625,1338.0600710444367,1362.9495384151621,0.004895123245520772,5.885997961983206,26.109193663458043,-32.69054274260088,1328.52685546875,1332.3935546875,1320.64501953125
2024-10-29,1328.52685546875,1331.6994085045892,1308.995576227512,1316.728719636798,12008361,1334.760546875,1354.4815002441405,1336.3267591215845,1359.671187658361,0.004234317022260736,5.101529376578559,34.923738042994245,-31.429987818135942,1332.3935546875,1320.64501953125,1327.1884765625
2024-10-30,1332.3935546875,1338.4413022928309,1314.0023313459362,1323.569732267355,11984423,1333.7517700195312,1348.4870239257812,1335.61163104266,1357.0733178516125,0.0029105164135998507,6.172375999469888,38.205958743212655,-29.77574242319224,1320.64501953125,1327.1884765625,1291.0009765625
2024-10-31,1320.64501953125,1331.5012170832633,1314.7955112005386,1328.5269031210519,9331650,1331.3351440429688,1344.7728515625,1332.8904289496766,1353.603956106816,-0.008817616322833066,6.318711058249802,34.09457196951915,-29.07756160003737,1327.1884765625,1291.0009765625,1294.1240234375
2024-11-01,1327.1884765625,1330.4601492824747,1321.5868277686543,1321.6364480777281,2127335,1329.2878295898438,1342.3995971679688,1331.8537103338263,1351.0881961502146,0.004954743276563756,4.643316337814529,37.175863431950894,-27.677200432964355,1291.0009765625,1294.1240234375,1314.002197265625
2024-11-04,1291.0009765625,1328.52687951389,1274.0969107675833,1326.3952636738204,19796890,1322.6402465820313,1339.0002014160157,1324.4259405572216,1345.3656038085273,-0.027266285564600312,16.728187673085518,35.052664610419,-29.151393815650636,1294.1240234375,1314.002197265625,1294.470947265625
2024-11-05,1294.1240234375,1298.337634786513,1275.1379622128013,1281.9292880644173,16267479,1318.867822265625,1334.437109375,1318.9165010809086,1340.485453297001,0.0024190894752966763,19.210048735336976,31.6877012585623,-29.725047070568507,1314.002197265625,1294.470947265625,1272.758544921875
2024-11-06,1314.002197265625,1316.9270116872763,1289.0675098622075,1298.783649697479,21625209,1317.5615844726562,1331.9956848144532,1318.0229912963116,1337.96323843687,0.015360331365554813,16.093009326520306,39.701693996830386,-28.25002026040511,1294.470947265625,1272.758544921875,1261.802978515625
2024-11-07,1294.470947265625,1312.6638089321268,1291.447013193,1312.6638089321268,9611974,1314.1758056640624,1328.753680419922,1313.7408014725504,1333.8211154681799,-0.014863940136967457,15.771318986433162,34.0041672907324,-28.330483354887747,1272.758544921875,1261.802978515625,1263.33984375
2024-11-08,1272.758544921875,1290.5053095001092,1264.083462337208,1286.5395574614042,19814406,1309.8035766601563,1324.374005126953,1306.2894820997003,1328.005632559008,-0.0167731862886642,14.644656718915746,26.224290817801744,-29.802713221520662,1261.802978515625,1263.33984375,1241.3299560546875
2024-11-11,1261.802978515625,1274.9891511168566,1256.151830843746,1267.9994654475693,9056552,1303.691357421875,1319.4254821777345,1298.2010269025957,1321.7006178882095,-0.008607733532774997,20.447874980449562,28.577903183535838,-31.49048592754093,1263.33984375,1241.3299560546875,1256.746826171875
2024-11-12,1263.33984375,1278.2610337323058,1256.6476373969983,1264.6287615317467,10671091,1297.17265625,1315.9666015625,1291.86262996576,1316.1424489226658,0.0012179914460044294,22.464204429214902,30.116043357997526,-32.33135009814737,1241.3299560546875,1256.746826171875,1249.9554443359375
2024-11-13,1241.3299560546875,1264.5295076822267,1238.8017408266169,1259.374078659472,14633633,1288.0662963867187,1310.909033203125,1282.674871072838,1309.017449601906,-0.017421984911027644,19.27974257581518,25.965502263517706,-34.37747289584786,1256.746826171875,1249.9554443359375,1231.0189208984375
2024-11-14,1256.746826171875,1261.7040163358736,1240.38809863068,1242.866693712679,12612633,1281.6764770507812,1306.505810546875,1277.9606810908447,1304.0392949895222,0.012419639147505102,11.544526633588488,33.81685776365266,-34.358958692152555,1249.9554443359375,1231.0189208984375,1212.528564453125
2024-11-18,1249.9554443359375,1262.0014401044657,1233.24973843027,1256.7467703539512,13620611,1273.953173828125,1301.6205017089844,1272.8688198626796,1298.8884520701333,-0.0054039379248916886,9.090330935833803,30.26814055064672,-34.49466083067546,1231.0189208984375,1212.528564453125,1254.565673828125
2024-11-19,1231.0189208984375,1270.5276979121372,1224.5745744010292,1249.9553610165642,14183746,1267.9549682617187,1295.297607421875,1265.2597473237265,1292.4246871966386,-0.015149758756049403,12.72148480718904,25.406366016058215,-35.71848448030778,1212.528564453125,1254.565673828125,1275.9805908203125
2024-11-21,1212.528564453125,1233.299140266532,1206.8277964681656,1231.0189056876295,19433843,1259.7954223632812,1289.3316223144532,1255.6722595290717,1284.8155326496374,-0.015020367381370248,17.33850587859993,21.844412431957537,-37.74528660622377,1254.565673828125,1275.9805908203125,1284.6060791015625
2024-11-22,1254.565673828125,1257.9860865301255,1211.9833389629089,1218.8739057022901,20471957,1253.8517700195312,1285.7066772460937,1255.4710621288996,1281.9345937142552,0.03466896418556509,18.857543537294884,36.41183640847277,-35.549703631015745,1275.9805908203125,1284.6060791015625,1282.1275634765625
2024-11-25,1275.9805908203125,1293.2811339485756,1271.4694999174592,1278.9549045518283,28923341,1252.002734375,1283.0892700195313,1259.20006734552,1281.367545819594,0.017069586263143144,24.111923632122153,40.07683155013803,-31.716080245011426,1284.6060791015625,1282.1275634765625,1259.91943359375
2024-11-26,1284.6060791015625,1286.7376948587628,1273.2045428922675,1283.8625006531302,9247557,1253.1874877929688,1281.4955322265625,1263.819342210255,1281.6759775607338,0.006759889878657832,30.177266394527305,48.61257877025966,-27.663019207956495,1282.1275634765625,1259.91943359375,1281.1361083984375
2024-11-27,1282.1275634765625,1292.6864023015983,1274.9892583407009,1282.4250432843673,9572746,1255.2199462890626,1279.4556518554687,1267.14810971322,1281.7189857431938,-0.0019293973968529388,30.059504934434344,47.38997804686699,-24.370012300486906,1259.91943359375,1281.1361083984375,1297.9410400390625
2024-11-28,1259.91943359375,1285.4984608667178,1258.184417128475,1278.905374093644,15027412,1254.8779052734376,1276.0252807617187,1265.8338049642255,1279.6428379194372,-0.01732131069906484,13.468973150916502,38.351525502515074,-23.283888904369178,1281.1361083984375,1297.9410400390625,1311.969970703125
2024-11-29,1281.1361083984375,1288.3736540571424,1264.3312830599236,1269.0406134614407,13202307,1258.8585205078125,1273.4624084472657,1268.6160419522641,1279.7850541555324,0.016839707555085237,9.921365738963473,47.14861232414237,-20.475095787328883,1297.9410400390625,1311.969970703125,1297.74267578125
2024-12-02,1297.9410400390625,1300.1221551586505,1266.115905470633,1276.9721028104004,11024152,1262.9779418945313,1272.3272094726562,1273.9478597862274,1281.5141956682496,0.013117210209329766,13.652620658631575,55.500205562834246,-16.700575627007083,1311.969970703125,1297.74267578125,1310.7305908203125
2024-12-03,1311.969970703125,1315.4400037478053,1295.8094826849822,1305.7238628126408,16869482,1269.17939453125,1271.5662841796875,1280.860970862027,1284.414745671571,0.01080860395911376,19.5829150965897,60.812011053840116,-12.433893560937804,1297.74267578125,1310.7305908203125,1300.320556640625
2024-12-04,1297.74267578125,1317.0262168141671,1292.884726573221,1314.6467414933138,19608540,1275.8517700195312,1271.903369140625,1283.930371756431,1285.6840723486832,-0.010844222992581254,19.929654972501712,57.029966934001706,-10.08429559911383,1310.7305908203125,1300.320556640625,1284.0609130859375
2024-12-05,1310.7305908203125,1318.5628538088617,1294.966703202915,1303.0964459866593,16858723,1285.67197265625,1272.7336975097655,1288.803138858955,1288.069455060267,0.010008081942164404,12.485601778891436,64.7244230713448,-7.0924487529835005,1300.320556640625,1284.0609130859375,1273.8489990234375
2024-12-06,1300.320556640625,1312.564791729292,1298.7837793313574,1312.564791729292,9037514,1290.2474609375,1272.0496154785155,1290.8972148192586,1289.2362266393488,-0.007942161610169252,7.033654818428894,59.445519361203075,-5.49801365136932,1284.0609130859375,1273.8489990234375,1267.2559814453125
2024-12-09,1284.0609130859375,1303.7409326166044,1282.0284168341586,1291.8436769577456,14650002,1291.0554931640625,1271.5291137695312,1289.6542508677458,1288.7433396342622,-0.012504334774722237,11.325005289641767,57.10156391387188,-5.483222517414561,1273.8489990234375,1267.2559814453125,1252.0870361328125
2024-12-10,1273.8489990234375,1283.812998621138,1269.238788448007,1278.2113501165884,16043729,1289.97978515625,1271.5836364746094,1286.7805687142352,1287.3248310046597,-0.007952826815636138,14.461543350934932,59.25448027161218,-6.223772779075034,1267.2559814453125,1252.0870361328125,1261.9517822265625
2024-12-11,1267.2559814453125,1278.9549980546296,1265.1244866020038,1273.9978081396894,11724373,1288.492626953125,1271.8562866210937,1283.2306437562493,1285.4135119990076,-0.005175666490439101,18.10866684347795,62.466125490148094,-7.258988514196972,1252.0870361328125,1261.9517822265625,1257.4407958984375
2024-12-12,1252.0870361328125,1267.25596445406,1249.8066803924569,1259.1262215126183,20906813,1287.7093872070313,1271.2936462402345,1277.5681696428971,1282.2395619165127,-0.011969914156727657,18.084556311728285,49.356653699407566,-9.197389773033592,1261.9517822265625,1257.4407958984375,1234.6378173828125
2024-12-13,1261.9517822265625,1264.281637225772,1228.9864700814942,1249.211828655226,28630222,1285.7909545898438,1272.3247375488281,1274.7288264762908,1280.3073924222317,0.007878642465797059,12.066421828626288,46.1264828529018,-9.824335347002489,1257.4407958984375,1234.6378173828125,1242.5196533203125
2024-12-16,1257.4407958984375,1270.032009408355,1255.7057794921418,1264.0833817296273,9486781,1281.7409301757812,1272.3594360351562,1271.5855481894084,1278.1296213247274,-0.003574610687712587,8.451976284520285,42.324963166113925,-10.563424545409362,1234.6378173828125,1242.5196533203125,1219.914794921875
2024-12-17,1234.6378173828125,1253.0785403896136,1232.1592223274588,1250.2529662315405,17462791,1274.00771484375,1271.5935546875,1264.8677789518456,1273.9875447588306,-0.01813443510820112,12.520668156699024,37.96485692188709,-12.8411431488787,1242.5196533203125,1219.914794921875,1194.9803466796875
2024-12-18,1242.5196533203125,1249.162239402372,1230.027558928225,1230.027558928225,12670179,1268.4854125976562,1272.1685913085937,1260.804483382476,1270.990602717067,0.006383925574390714,11.11470867302068,45.24517826203274,-13.850592257450444,1219.914794921875,1194.9803466796875,1211.834716796875
2024-12-19,1219.914794921875,1234.2411461229626,1218.4772582835096,1228.3916379278016,14244653,1259.4038330078124,1272.5379028320312,1253.3699945714577,1266.1262400699059,-0.01819275722362368,17.105269705970844,33.396081869292786,-16.286866248856768,1194.9803466796875,1211.834716796875,1212.2808837890625
2024-12-20,1194.9803466796875,1228.8874800507767,1191.2128336272758,1213.5201900622435,20312896,1248.8698120117188,1269.5586364746093,1242.7536949547723,1259.3504406994089,-0.020439499828989516,23.765965696610486,23.255232874488385,-19.999095403906722,1211.834716796875,1212.2808837890625,1206.1339111328125
2024-12-23,1211.834716796875,1216.6926661807136,1202.8125341694108,1204.5971709809228,10052824,1241.6471923828126,1266.3513427734374,1237.1320625624273,1254.8251336610724,0.014104307375446101,18.781908714585608,24.365439086402276,-21.335118972972168,1212.2808837890625,1206.1339111328125,1210.595458984375
2024-12-24,1212.2808837890625,1222.988463211123,1210.545867189896,1211.8347850736238,6734917,1235.490380859375,1262.7350830078126,1232.6136664218157,1250.7733003399287,0.00036817478984829677,17.25656718967233,26.460938640005537,-22.103134157644035,1206.1339111328125,1210.595458984375,1200.3338623046875
2024-12-26,1206.1339111328125,1217.1883476811242,1203.8535553911518,1213.767935093776,10016178,1229.378173828125,1258.935400390625,1227.7991654601788,1246.5219299392509,-0.005070584497742225,9.255991649226587,20.062359021374235,-22.943324680519254,1210.595458984375,1200.3338623046875,1205.043212890625
2024-12-27,1210.595458984375,1217.3867853075249,1206.5800865394056,1207.86900439277,7000397,1225.2290161132812,1256.4692016601562,1224.6712188282145,1243.1003612768818,0.003699048513918557,7.233178615204992,23.41359349160625,-22.984224268054504,1200.3338623046875,1205.043212890625,1210.7935791015625
2024-12-30,1200.3338623046875,1212.7268365212021,1197.7561478726802,1205.9851311625014,8818766,1219.0672241210937,1252.4290893554687,1220.2462449148459,1239.0273613747681,-0.0084764870077213,5.043348382746125,24.276516236849332,-23.57292853167587,1205.043212890625,1210.7935791015625,1231.167724609375
2024-12-31,1205.043212890625,1208.6619856280877,1195.8229125326573,1197.6570485426987,6405475,1213.8274658203125,1247.784197998047,1217.4820572740784,1235.7907758048498,0.003923367267915978,4.736995441895394,28.12102862688016,-23.38985201305195,1210.7935791015625,1231.167724609375,1240.4376220703125
2025-01-01,1210.7935791015625,1215.800389087432,1201.2261788160188,1204.4483521073844,5892590,1211.4430419921875,1242.7253784179688,1216.265970333621,1233.4100904045367,0.004771917014613658,4.343187357978886,31.94926406196585,-22.521146301997533,1231.167724609375,1240.4376220703125,1207.571533203125
2025-01-02,1231.167724609375,1233.7949384205442,1209.554328364606,1210.7936258321927,15486276,1210.3078491210938,1239.396630859375,1218.97538020194,1233.1965317573786,0.016827100720942623,11.773611425433208,43.527615772931185,-19.9585972137736,1240.4376220703125,1207.571533203125,1230.2257080078125
2025-01-03,1240.4376220703125,1251.2443199889096,1224.9215938636924,1233.2496968938563,15521102,1212.3601318359374,1235.881982421875,1222.8776059961895,1233.8861594062294,0.0075293538610903266,17.376347981237043,43.31897891568549,-16.983974658152647,1207.571533203125,1230.2257080078125,1254.664794921875
2025-01-06,1207.571533203125,1251.1948069805778,1204.597219081935,1243.2136823453243,14816766,1213.6192504882813,1231.24453125,1220.0946836701776,1231.3800045297432,-0.02649555953674909,15.814330751893719,36.832476511256864,-17.081676614998514,1230.2257080078125,1254.664794921875,1244.0068359375
2025-01-07,1230.2257080078125,1233.8444805890147,1210.7935491517349,1211.5371275851955,10070505,1215.458349609375,1228.5527709960938,1221.9366880952023,1231.2700715276546,0.018760110007393527,14.182978473735755,48.83410663872789,-15.156390111127621,1254.664794921875,1244.0068359375,1231.266845703125
2025-01-08,1254.664794921875,1260.167324257905,1234.6872949225542,1238.3060678446636,19346579,1219.6967407226562,1227.5935607910155,1227.8872529727792,1233.4981404223424,0.019865530979382928,17.191338363467015,52.951100823222255,-11.525695573797975,1244.0068359375,1231.266845703125,1229.234375
2025-01-09,1244.0068359375,1258.878406002503,1237.3642497185242,1256.1519514905858,12794704,1223.484033203125,1226.431103515625,1230.818086239092,1234.498968566643,-0.008494666485831082,17.83103122071421,56.214857566077846,-9.39999492280549,1231.266845703125,1229.234375,1228.143798828125
2025-01-10,1231.266845703125,1245.9896754309787,1225.4173374439545,1243.114481097643,8120332,1225.551171875,1225.3900939941407,1230.8996788689162,1234.191147341546,-0.01024109342998425,17.651659904448668,59.98903171997013,-8.643733007843366,1229.234375,1228.143798828125,1241.478515625
2025-01-13,1229.234375,1234.5881643828388,1215.899582365329,1219.4687349455062,13764861,1228.4412231445312,1223.7542236328125,1230.5968963472951,1233.7190737852081,-0.0016507150421680716,11.139303008448273,55.21541800767798,-8.11485044670826,1228.143798828125,1241.478515625,1255.6065673828125
2025-01-14,1228.143798828125,1242.6187691440975,1216.742262047884,1233.4479678208604,13095266,1230.7512817382812,1222.289373779297,1230.1508786165368,1233.188095217867,-0.0008871995398558319,11.529024727938225,54.73649296354749,-7.695004368968739,1241.478515625,1255.6065673828125,1291.19921875
2025-01-15,1241.478515625,1246.2374660533972,1231.2171573529768,1234.2905907014622,9578856,1233.819775390625,1222.6314086914062,1232.210448981712,1233.9776590661652,0.010857618472363662,7.3676552337848955,60.119161202432146,-6.214634684733255,1255.6065673828125,1291.19921875,1294.272705078125
2025-01-16,1255.6065673828125,1264.0834104275011,1240.586378973141,1248.1212833322295,14117603,1236.2636596679688,1223.2857543945313,1236.464288691003,1236.037555096322,0.011380021144143493,11.594838626088997,62.210808322653506,-3.8569547670053907,1291.19921875,1294.272705078125,1262.7945556640625
2025-01-17,1291.19921875,1314.6467509950228,1273.997794139219,1310.9288585996749,29366277,1241.3398193359376,1226.8499755859375,1246.4160941562752,1241.2910468728626,0.028346977701285025,26.01233749146437,71.67180922889517,0.8734840783633899,1294.272705078125,1262.7945556640625,1266.16552734375
2025-01-20,1294.272705078125,1304.7324245206253,1289.1172758229052,1304.7324245206253,14040244,1250.0099365234375,1231.8145935058594,1255.1172961420662,1246.3369190828876,0.0023803347179069956,29.590003811797008,71.44901952269001,4.814892520957301,1262.7945556640625,1266.16552734375,1252.8306884765625
2025-01-21,1262.7945556640625,1301.7581181984158,1259.324522599558,1299.2795231523412,14562976,1253.2668212890626,1234.3625854492188,1256.5131615097018,1247.9043130429995,-0.024321110451110406,22.950021213056363,61.12408655433043,5.336942572341059,1266.16552734375,1252.8306884765625,1235.6292724609375
2025-01-22,1266.16552734375,1271.9159165250771,1257.8374234010246,1267.355325635656,10273590,1254.41689453125,1237.056817626953,1258.2681371158924,1249.6434763097377,0.0026694537639297966,17.550318424542315,58.07412030158192,5.954045708729609,1252.8306884765625,1235.6292724609375,1218.82421875
2025-01-23,1252.8306884765625,1266.4133410521551,1250.7981921087953,1259.1262957502838,8720682,1255.2992797851562,1239.3916564941405,1257.2795100905596,1249.9470203256258,-0.01053167108029096,18.305585379524693,52.806487175035855,5.305930869387112,1235.6292724609375,1218.82421875,1223.8310546875
2025-01-24,1235.6292724609375,1262.1006196074513,1232.8531975505623,1255.1605533566642,14235970,1255.7355224609375,1240.6433471679688,1253.3431032488102,1248.5834252908935,-0.013730040438697966,21.438451988871318,56.839062778019446,3.365489408605754,1218.82421875,1223.8310546875,1224.921630859375
2025-01-27,1218.82421875,1229.8291557820492,1209.5542981292017,1228.4907387555406,9536019,1254.6945068359375,1241.5678649902343,1247.0669424308446,1245.7492151441418,-0.013600401095603454,19.834570898965993,47.139320929839386,0.4662732739745934,1223.8310546875,1224.921630859375,1242.3214111328125
2025-01-28,1223.8310546875,1234.0924134746083,1208.0671667554209,1227.4002071753887,10568025,1254.263232421875,1242.507257080078,1242.8422355684183,1243.6617712911282,0.004107922914950768,19.854056889464232,41.42779378106954,-1.4111002983033814,1224.921630859375,1242.3214111328125,1254.2681884765625
2025-01-29,1224.921630859375,1232.1095562529247,1217.53546627882,1225.4173498520336,5928156,1252.6075439453125,1243.2136596679688,1239.5839438031376,1241.8769960119137,0.0008911166028169326,13.549761089468491,44.395927543421465,-2.7788985842596503,1242.3214111328125,1254.2681884765625,1253.7724609375
2025-01-30,1242.3214111328125,1246.237542749693,1221.8481926097397,1224.971246456504,9269259,1251.2790283203126,1243.7713439941406,1240.0816651358057,1241.919321261523,0.01420481101409754,9.59491001355713,53.15953820550483,-2.430850398062148,1254.2681884765625,1253.7724609375,1235.232666015625
2025-01-31,1254.2681884765625,1256.1519448799122,1238.306060895825,1245.09738698474,6584612,1247.5859252929688,1244.462872314453,1242.6610330159433,1243.0954038534317,0.0096164947627011,14.911136640088708,56.77124365145349,-1.1774417985704986,1253.7724609375,1235.232666015625,1274.196044921875
2025-02-01,1253.7724609375,1259.6715896071485,1230.374548522757,1254.2681799336815,7118453,1243.5359008789062,1246.7729187011719,1244.6812926380446,1244.1122664328668,-0.00039523248984307813,14.893674042098786,56.954519858226504,-0.22155359070507075,1235.232666015625,1274.196044921875,1267.2559814453125
2025-02-03,1235.232666015625,1245.2461659154887,1226.9541826685895,1240.2889757645512,9252345,1240.7797119140625,1247.0232666015625,1242.9633605248773,1243.2665902026533,-0.014787208604033264,12.516157226759853,48.351706408777844,-0.9490715003537389,1274.196044921875,1267.2559814453125,1270.577392578125
2025-02-04,1274.196044921875,1277.7653184740125,1235.9265630557768,1237.3642207434832,16691069,1241.582763671875,1247.9998291015625,1248.6420304152407,1246.212252556865,0.03154335209732628,14.79662565421091,54.337266973542626,1.5999412353239677,1267.2559814453125,1270.577392578125,1255.8544921875
2025-02-05,1267.2559814453125,1279.4507170461238,1265.7688244708304,1271.6679530846961,10112028,1243.02529296875,1249.162286376953,1252.026385147981,1248.2164172129076,-0.005446621423933262,14.937960539536311,43.55140223787315,3.0251747396728206,1270.577392578125,1255.8544921875,1242.916259765625
2025-02-06,1270.577392578125,1276.9721191435924,1259.4732145791813,1262.7945076095025,9956001,1246.5201049804687,1251.1278137207032,1255.3992955898254,1250.346033914357,0.0026209472919784815,15.953426045334297,43.62668680434711,4.372291624162699,1255.8544921875,1242.916259765625,1224.2772216796875
2025-02-07,1255.8544921875,1272.7089385364054,1251.1947819010975,1265.2236540965398,8764283,1250.2231323242188,1252.4588195800782,1255.4820586075843,1250.8706489879896,-0.01158756678390982,15.769604061319196,47.94842056566476,4.203422011058819,1242.916259765625,1224.2772216796875,1206.1339111328125
2025-02-10,1242.916259765625,1255.6562137259161,1234.8856362555493,1253.673337746878,6970972,1252.1316528320312,1253.197442626953,1253.1973679090463,1250.1130881096692,-0.010302333990412138,12.764882187494624,43.495135815995724,2.9911048046192263,1224.2772216796875,1206.1339111328125,1205.6876220703125
2025-02-11,1224.2772216796875,1253.7230036544372,1219.567891058193,1253.7230036544372,8859714,1252.0672119140625,1252.3373779296876,1247.9391595037082,1247.6525294020519,-0.014996213895739241,18.99758546888013,42.24136901642411,0.520322133976606,1206.1339111328125,1205.6876220703125,1206.827880859375
2025-02-12,1206.1339111328125,1216.3952699200001,1183.1324776076385,1209.0089844264594,21131654,1248.4484619140626,1249.8637451171876,1240.3382052544544,1243.6983752811718,-0.014819609664862288,25.44087544784687,42.02624982344796,-2.8687354679468626,1205.6876220703125,1206.827880859375,1214.4124755859375
2025-02-13,1205.6876220703125,1217.4857574427408,1201.622750831109,1206.6295607029597,8511216,1243.5904052734375,1245.5881652832031,1234.0380992209741,1240.0783035468044,-0.0003700161801112323,22.26505265008937,46.10407617569181,-5.526889292468695,1206.827880859375,1214.4124755859375,1214.908203125
2025-02-14,1206.827880859375,1213.5200872227356,1195.1288642881832,1208.56289732395,10298145,1238.895947265625,1241.2159240722656,1229.0907867915923,1236.911596624192,0.0009457331801288049,16.38583359606767,44.839000835897345,-7.455543134291702,1214.4124755859375,1214.908203125,1216.9404296875
2025-02-17,1214.4124755859375,1216.9901902768092,1194.1871154284454,1200.7305822668588,8166683,1236.8139282226562,1238.7968200683595,1226.4220029360188,1234.7688231919774,0.0062847360811397746,8.002219614737239,46.93112379665019,-8.276594363979484,1214.908203125,1216.9404296875,1222.4429931640625
2025-02-18,1214.908203125,1219.3696743222742,1205.6877809072391,1214.362863790828,6673250,1230.8851440429687,1236.233953857422,1224.3285847885606,1232.877335566551,0.00040820359558924046,4.646016584744838,41.11792015149874,-8.786002738949719,1216.9404296875,1222.4429931640625,1217.634521484375
2025-02-19,1216.9404296875,1222.1950990873443,1207.125291073852,1209.0585466128707,6217338,1225.8535888671875,1234.4394409179688,1222.9852838610952,1231.3595350066414,0.0016727408352932294,5.123063656878884,37.075140179331484,-8.922871537841047,1222.4429931640625,1217.634521484375,1204.151123046875
2025-02-20,1222.4429931640625,1228.738599945727,1211.5371757067999,1213.4704313005311,7795582,1221.0401489257813,1233.780126953125,1222.8866855525437,1230.5103405454433,0.004521637495415787,5.617916793727716,39.51559072359095,-8.489468848952356,1217.634521484375,1204.151123046875,1193.69140625
2025-02-21,1217.634521484375,1229.3830367840985,1211.6858938870325,1218.1797397323817,6904025,1217.2181518554687,1233.7206420898438,1221.9317466310586,1229.284072063437,-0.003933493591583903,3.1915848393732187,43.5147614257772,-8.436744040379835,1204.151123046875,1193.69140625,1196.7647705078125
2025-02-24,1204.151123046875,1212.7765856074127,1200.1357505642943,1206.13399913207,7172498,1213.3416381835937,1232.7366455078125,1218.6989059793889,1226.8904578713834,-0.011073436404433479,6.7745585377391935,18.21874591524083,-9.374888934200499,1193.69140625,1196.7647705078125,1189.82470703125
2025-02-25,1193.69140625,1210.5458530159883,1191.2128111373545,1200.631472565407,11552182,1210.283056640625,1231.1751342773437,1214.1520878467727,1223.7286434312516,-0.008686382129851511,11.797651380166442,17.65486340932975,-10.837459761483842,1196.7647705078125,1189.82470703125,1161.2216796875
2025-02-27,1196.7647705078125,1204.597154814102,1190.370043898487,1202.416039651657,11509215,1209.346142578125,1228.8973022460937,1210.9907574215072,1221.1606555337812,0.0025746723497552804,12.664457222237381,17.474856032024206,-11.614676112589905,1189.82470703125,1161.2216796875,1151.9517822265625
2025-02-28,1189.82470703125,1206.9270123506615,1183.0830013175257,1191.7084634163882,23007298,1207.7598510742187,1225.6751281738282,1207.1423846232788,1218.176279485921,-0.005799020532345489,10.967630950244802,18.761708959447432,-12.64486861813839,1161.2216796875,1151.9517822265625,1165.534423828125
2025-03-03,1161.2216796875,1196.1202465389174,1146.1022512006402,1193.6912720117396,17944938,1203.1992309570312,1221.047589111328,1198.7931655440461,1212.7520318860713,-0.024039698599903736,16.462740074788663,16.33984363997763,-15.589621410669224,1151.9517822265625,1165.534423828125,1199.2432861328125
2025-03-04,1151.9517822265625,1163.948157257321,1149.6219272411693,1152.2491409974891,11377373,1196.9531616210938,1216.883544921875,1190.2765503954126,1206.961531918499,-0.007982883563999676,20.59002015250536,17.70692985554261,-18.4585834084171,1165.534423828125,1199.2432861328125,1239.0992431640625
2025-03-05,1165.534423828125,1172.8710888254677,1147.093702257875,1151.0594540375048,8664095,1192.0157836914063,1211.4504638671874,1185.777981928633,1203.0160930527493,0.011790981021192692,19.269850332788117,31.10284851301644,-19.41247586113286,1199.2432861328125,1239.0992431640625,1227.796875
2025-03-06,1199.2432861328125,1203.5560168880775,1175.0026773522586,1186.7511925218207,14468014,1190.2460693359376,1208.0498291015624,1188.2262190566655,1202.6567781079932,0.02892137856724375,20.04825965885607,47.70965474754662,-17.24957664894214,1239.0992431640625,1227.796875,1236.62060546875
2025-03-07,1239.0992431640625,1244.0564330934674,1201.622838887705,1205.5885908312287,16474965,1191.9116943359375,1206.4759216308594,1197.4758598034648,1206.1274890657141,0.03323425487731768,35.89380866236833,58.99422242998158,-12.179028538334478,1227.796875,1236.62060546875,1246.2872314453125
2025-03-10,1227.796875,1247.2290360950196,1224.8225609234617,1234.340341763354,11931051,1192.9279296875,1205.0730407714843,1202.9887716573803,1208.1912401070747,-0.0091214390020945,37.8974693628618,53.65457751290742,-8.969197951506658,1236.62060546875,1246.2872314453125,1237.2154541015625
2025-03-11,1236.62060546875,1238.801720552263,1219.2208210077197,1229.3830600118497,10089838,1196.1748779296875,1204.7582580566407,1209.103650532175,1210.8987987129485,0.007186637014978459,31.21741679505174,55.67062502231676,-5.648273004758266,1246.2872314453125,1237.2154541015625,1228.242919921875
2025-03-12,1246.2872314453125,1252.186239348891,1233.3489166666827,1247.2290491693625,11977555,1201.4344604492187,1205.8587585449218,1215.8643016072908,1214.2691256398402,0.007816969840073407,18.32041353856725,57.37057973387194,-2.210914088180971,1237.2154541015625,1228.242919921875,1228.242919921875
2025-03-13,1237.2154541015625,1253.326320946517,1233.2000819547634,1249.2614495168184,9505270,1205.4795288085938,1207.4128356933593,1219.746329333522,1216.4544902552423,-0.007279042194173413,6.6093070275858965,53.64482310789418,-0.2163055617234022,1228.242919921875,1228.242919921875,1236.471923828125
2025-03-17,1228.242919921875,1246.6341428999226,1222.5421515247892,1231.514713672869,16640917,1209.3213500976562,1208.5406005859375,1221.2911639859499,1217.5771978425407,-0.007252200212939597,7.619199102100801,52.56472004816376,0.633129224576578,1228.242919921875,1236.471923828125,1258.283447265625
2025-03-18,1228.242919921875,1228.242919921875,1228.242919921875,1228.242919921875,0,1216.0234741210938,1209.6113525390624,1222.5551196106635,1218.5929808977155,0.0,7.512233266503838,56.230726295079315,1.2914256614265014,1236.471923828125,1258.283447265625,1265.421875
2025-03-19,1236.471923828125,1242.5196714129374,1228.1934407470596,1230.4241762433128,16162399,1224.47548828125,1210.7143249511719,1225.085447650202,1220.2957373672784,0.006699817904729732,7.506098692269115,61.19323662239938,2.4489126325461257,1258.283447265625,1265.421875,1290.951416015625
2025-03-20,1258.283447265625,1262.1004590128364,1239.3470073959113,1241.1315230182402,15971477,1233.750390625,1212.8830871582031,1231.121447580279,1223.9136145004543,0.017640128350000284,12.291192057453475,64.65861117526366,5.067818395445556,1265.421875,1290.951416015625,1274.4439697265625
2025-03-21,1265.421875,1270.0320859338292,1259.225387461291,1264.0834578966683,21780769,1240.3682495117187,1215.3071594238281,1237.3578889293192,1227.8667821670776,0.005673147612239138,17.420746763844004,67.99620833909677,7.631361950368728,1290.951416015625,1274.4439697265625,1262.150146484375
2025-03-24,1290.951416015625,1294.8180484818179,1273.2542716407156,1279.946478246575,20299319,1245.553466796875,1218.7325805664063,1247.1021665813748,1233.874842533606,0.020174727116697655,24.836010212175676,81.34130373236445,11.589413740226064,1274.4439697265625,1262.150146484375,1267.2559814453125
2025-03-25,1274.4439697265625,1296.50346593687,1271.6183955406093,1296.50346593687,13713899,1250.2181762695313,1221.5730529785155,1252.0734035168634,1237.738568932935,-0.012787039143588252,20.135417584358642,78.59288893447994,13.241545054060907,1262.150146484375,1267.2559814453125,1264.1824951171875
2025-03-26,1262.150146484375,1282.7224842048433,1257.8869148358597,1279.9464094999762,12074747,1252.7711303710937,1224.4730041503906,1253.9055386018656,1240.0634810806912,-0.009646421132837424,13.021662809604273,72.6891613900464,13.404345282855957,1267.2559814453125,1264.1824951171875,1241.8751220703125
2025-03-27,1267.2559814453125,1273.9978081396894,1260.4151561828103,1267.2064821612498,15028056,1254.8680053710937,1228.1512329101563,1256.3328918461286,1242.653243020179,0.004045346724523613,11.488213866438107,68.45076616578004,13.786442321869117,1264.1824951171875,1241.8751220703125,1240.4376220703125
2025-03-28,1264.1824951171875,1284.6557128160619,1258.1347478785124,1269.0405652360093,18147129,1257.5647094726562,1231.522119140625,1257.7600924408666,1244.703647981799,-0.002425308203808707,11.67862811199222,58.50129164756638,13.683517248517546,1241.8751220703125,1240.4376220703125,1238.008544921875
2025-04-01,1241.8751220703125,1266.9585500115554,1238.603449529153,1253.7723771839194,12099648,1258.9279296875,1234.1246398925782,1254.8719160098567,1244.4342645616573,-0.017645690501992828,12.168325283161154,54.440215386771406,11.667434885331659,1240.4376220703125,1238.008544921875,1194.38525390625
2025-04-02,1240.4376220703125,1244.7999732789833,1233.2496968938563,1236.868469635997,10142590,1260.1473999023438,1238.0854370117188,1252.2474989299396,1244.053631943434,-0.0011575237916060521,12.940389016447904,51.26270111187477,9.840248590694728,1238.008544921875,1194.38525390625,1155.71923828125
2025-04-03,1238.008544921875,1241.0820994494682,1222.4926375090713,1222.4926375090713,7434366,1260.3010620117188,1242.3882751464844,1249.6585982012004,1243.4779093699524,-0.001958242079422967,14.138072855876569,47.123605360640404,8.102780255811012,1194.38525390625,1155.71923828125,1172.0780029296875
2025-04-04,1194.38525390625,1234.7863505024063,1182.9342181609516,1230.473619610667,17908652,1253.9112426757813,1243.8308166503907,1239.608899238482,1238.8024183734092,-0.035236663910407695,25.41671240486241,37.99997947925181,3.169255863920398,1155.71923828125,1172.0780029296875,1175.2010498046875
2025-04-07,1155.71923828125,1161.2217676393545,1105.3046397460778,1122.506064991245,22156106,1242.9409790039062,1241.6546142578125,1224.3562336098944,1230.8897345551084,-0.032373152212439305,38.18942822738609,32.579182070673895,-3.8166263831612923,1172.0780029296875,1175.2010498046875,1208.5133056640625
2025-04-08,1172.0780029296875,1186.3547349162204,1153.3399207865864,1161.9653833278503,19555040,1231.0536376953125,1238.3035522460937,1214.8511007589477,1225.2886172574492,0.014154618272830488,38.24827079442506,37.49172871827077,-7.941428953698505,1175.2010498046875,1208.5133056640625,1229.4822998046875
2025-04-09,1175.2010498046875,1179.613021672609,1157.9996241138485,1159.4867811653644,10223104,1221.129345703125,1235.673760986328,1207.6420005854459,1220.5183727381386,0.0026645384242292014,31.60992786847504,36.03704752563055,-10.833479320031529,1208.5133056640625,1229.4822998046875,1228.689208984375
2025-04-11,1208.5133056640625,1212.1816988912137,1184.917153801556,1184.917153801556,11224242,1215.7656616210938,1234.2683959960937,1207.800419690649,1219.375033016798,0.02834600587270697,20.544664214065964,39.22285114938245,-10.318484361054516,1229.4822998046875,1228.689208984375,1263.5877685546875
2025-04-15,1229.4822998046875,1240.288998738938,1226.5079856590305,1240.288998738938,13378535,1211.9882934570312,1233.4281494140625,1211.7425797113833,1220.3376298537398,0.01735106601006997,30.003124979995118,42.65749438495352,-8.124668443389282,1228.689208984375,1263.5877685546875,1284.407958984375
2025-04-16,1228.689208984375,1230.2754856402491,1218.477348782242,1223.5336585713449,8248464,1208.43896484375,1233.0018371582032,1214.8237850337455,1221.1330183423718,-0.0006450607873236258,27.9301853783257,35.849498401988626,-6.376544488509808,1263.5877685546875,1284.407958984375,1280.1446533203125
2025-04-17,1263.5877685546875,1269.238916912585,1217.0893007676923,1229.5813957339365,15398401,1210.6102294921875,1234.7690795898438,1223.689963855735,1225.1763278864019,0.028403081361119353,32.396789517147106,47.72302729274413,-2.150333851716141,1284.407958984375,1280.1446533203125,1288.869384765625
2025-04-21,1284.407958984375,1289.761748514388,1256.151975324742,1259.126289394177,10429964,1215.0072631835938,1237.5773315429688,1234.7295993336695,1230.8174356100183,0.016477043342625786,30.47668746317837,54.507135836990074,2.846174958986012,1280.1446533203125,1288.869384765625,1290.4556884765625
2025-04-22,1280.1446533203125,1292.7359881039044,1275.286704106908,1288.8693558313819,13051707,1219.2208740234375,1239.760968017578,1242.9868818766956,1235.5152658681416,-0.0033192768965972785,26.87308313450654,52.61885084475699,6.388290812300511,1288.869384765625,1290.4556884765625,1289.2659912109375
2025-04-23,1288.869384765625,1294.8180126953125,1274.3944143417477,1285.8950708007812,10480888,1228.669287109375,1241.290264892578,1251.3291551292282,1240.5966105250448,0.006815426227561927,24.54870341321907,54.90352017636039,9.786641743585278,1290.4556884765625,1289.2659912109375,1357.080322265625
2025-04-24,1290.4556884765625,1293.3308829080645,1279.2525115884996,1281.3345072026398,10468940,1242.1429321289063,1242.5419555664062,1258.443070283289,1245.345094139475,0.0012307715038371025,10.789499231390563,60.51504073675989,12.464181467332537,1289.2659912109375,1357.080322265625,1387.7156982421875
2025-04-25,1289.2659912109375,1313.85358083958,1277.071255478384,1292.3394247863746,14431012,1253.8617309570313,1242.4576843261718,1264.0472377246797,1249.5280367177095,-0.0009219202768825374,4.289416217465119,60.580025857453904,14.325022420961204,1357.080322265625,1387.7156982421875,1392.9703369140625
2025-04-28,1357.080322265625,1362.830589793996,1308.8963407951755,1328.5268607294433,31104496,1272.049658203125,1246.589501953125,1280.9623440048517,1259.7711115317968,0.052599177762373994,31.527115868752016,70.1037922506183,21.029388352856813,1387.7156982421875,1392.9703369140625,1407.6436767578125
2025-04-29,1387.7156982421875,1398.8198762816546,1358.2700385179512,1359.2614765022709,32538970,1289.9698974609375,1252.8677795410156,1300.3720447752764,1271.9563102661198,0.0225744751242265,46.666594378393945,84.13866510777922,28.48629321098656,1392.9703369140625,1407.6436767578125,1419.0452880859375
2025-04-30,1392.9703369140625,1400.3070020394923,1357.2785702742715,1389.9960230274132,25480745,1306.318701171875,1259.153497314453,1317.2080978914194,1283.4814556611618,0.0037865383223170124,50.84730578894712,97.498994328649,34.42314092025799,1407.6436767578125,1419.0452880859375,1408.7342529296875
2025-05-02,1407.6436767578125,1414.4845019236116,1397.0352178747166,1401.8932881277126,13007841,1324.2141479492188,1266.3265563964844,1333.6509304125816,1295.306429098938,0.010533849468939094,47.16052944557372,97.48200128931298,39.8527536609804,1419.0452880859375,1408.7342529296875,1393.9617919921875
2025-05-05,1419.0452880859375,1427.1750314493302,1414.6829365878357,1418.747808269532,12685649,1339.7598999023437,1275.1850646972657,1349.1771772622826,1307.0910823357951,0.008099785134819015,23.510013500674752,97.5633218217179,44.56209157050239,1408.7342529296875,1393.9617919921875,1394.9532470703125
2025-05-06,1408.7342529296875,1419.7391903256466,1398.5223933042987,1418.7477523435755,14084117,1352.192529296875,1283.5998962402343,1360.005736474538,1316.7713842971182,-0.007266177649733696,12.706834712885556,92.90414453288076,46.921380956432586,1393.9617919921875,1394.9532470703125,1365.408447265625
2025-05-07,1393.9617919921875,1412.2042749259901,1390.6899982666434,1408.7342420156256,13440169,1363.5742431640624,1291.39755859375,1366.1795647504744,1324.1228516966487,-0.010486336160832499,10.992722375595983,86.20684466228127,47.05668053208865,1394.9532470703125,1365.408447265625,1424.20068359375
2025-05-08,1394.9532470703125,1408.6351396947061,1386.030305191398,1392.0780527042998,16106175,1374.1826293945312,1301.425958251953,1371.4111433540813,1330.8686036369977,0.0007112498232164643,10.498755745451742,86.56774120799315,46.70551643910994,1365.408447265625,1424.20068359375,1403.5787353515625
2025-05-09,1365.408447265625,1382.8578539346386,1362.731612914777,1373.6374315703338,13668904,1381.6779052734375,1311.910418701172,1370.3197440652712,1334.1581125540097,-0.021179777793082,20.208012260724985,72.93431297556705,43.541281151768544,1424.20068359375,1403.5787353515625,1412.2042236328125
2025-05-12,1424.20068359375,1426.679278587822,1388.0131966802994,1388.0131966802994,10674081,1395.1713745117188,1324.516552734375,1380.1162785249946,1342.7335955101755,0.043058351107950754,21.72553736189677,76.88783660804093,45.25596146106068,1403.5787353515625,1412.2042236328125,1441.7491455078125
2025-05-13,1403.5787353515625,1435.3047515134413,1400.307062549957,1421.2263802516663,11407896,1399.8212158203125,1335.9354370117187,1384.3821797661888,1348.5283707331646,-0.014479664614505894,21.17146915571203,72.33583852720753,44.438578807014665,1412.2042236328125,1441.7491455078125,1443.9302978515625
2025-05-14,1412.2042236328125,1417.6571322938998,1403.380401776207,1407.8418724989147,5570160,1402.270068359375,1346.1199829101563,1389.440733196484,1354.5927376759882,0.0061453540610170165,22.18921411290076,72.32589887265544,43.9798298804742,1441.7491455078125,1443.9302978515625,1428.4638671875
2025-05-15,1441.7491455078125,1448.8875719918406,1400.6044669576877,1412.7992032271827,20177211,1407.14794921875,1356.7333251953125,1398.9513536167256,1362.8933479456857,0.02092113971943621,28.471612900898208,74.86961170051384,45.47607642799426,1443.9302978515625,1428.4638671875,1412.402587890625
2025-05-16,1443.9302978515625,1448.4908883531898,1434.9082364412498,1440.757623701411,9036695,1410.776611328125,1367.495379638672,1407.129343477605,1370.6111526986263,0.0015128514905287105,17.762625749685114,75.34111228004208,46.304098537626714,1428.4638671875,1412.402587890625,1416.963134765625
2025-05-19,1428.4638671875,1442.1456384779733,1425.886031660542,1439.667043567546,6195791,1411.7184692382812,1375.7391845703125,1411.008347788495,1376.1209350309,-0.010711341598050206,17.808967358904077,64.11763740200746,45.19136243336652,1412.402587890625,1416.963134765625,1397.332763671875
2025-05-20,1412.402587890625,1432.6279478297215,1409.6266340324114,1425.8861208416395,11270560,1412.085302734375,1382.138916015625,1411.2618459888824,1379.57633054135,-0.011243742082533759,15.292988108821959,55.18103587412927,42.52331770767523,1416.963134765625,1397.332763671875,1414.5838623046875
2025-05-21,1416.963134765625,1423.9032007341596,1405.9581972205492,1411.7085860045363,6136364,1414.3854370117188,1388.9798400878906,1412.2984439482902,1383.1369785627094,0.003228928433082867,14.19205376706921,55.05007967629994,40.312177371790085,1397.332763671875,1414.5838623046875,1422.5152587890625
2025-05-22,1397.332763671875,1411.6094953044076,1384.9397884743898,1409.031659643212,12134466,1414.623388671875,1394.403009033203,1409.5774111707603,1384.4889580969157,-0.013853833322909237,17.49913119765118,47.87408883588954,36.55444890318449,1414.5838623046875,1422.5152587890625,1409.9239501953125
2025-05-23,1414.5838623046875,1421.5239286750705,1394.5567410207764,1394.5567410207764,6474883,1419.5409301757813,1400.6094177246093,1410.4876750132926,1387.3551394500369,0.012345734016484755,11.165349611975845,49.10180553111634,34.56994074717136,1422.5152587890625,1409.9239501953125,1400.802734375
2025-05-26,1422.5152587890625,1428.6621258406371,1412.898237790455,1419.7391840414937,4842944,1419.3723876953125,1407.2718811035156,1412.674508427069,1390.7037222442298,0.0056068761250060994,9.411233349048862,52.80129546329785,33.253871219166285,1409.9239501953125,1400.802734375,1405.660888671875
2025-05-27,1409.9239501953125,1424.696400543767,1401.794207036506,1413.8897021801247,12640414,1420.0069091796875,1409.9140625,1412.1744069303859,1392.534220144333,-0.008851440092437768,9.499599815006437,53.27369209539126,30.83936624565331,1400.802734375,1405.660888671875,1408.7342529296875
2025-05-28,1400.802734375,1410.4196342901241,1398.6214982222443,1407.9410393609537,5944611,1418.8667602539062,1410.5684143066405,1410.106830102134,1393.3216976901108,-0.006469296318463824,10.222645948491223,51.16096179648535,27.868595944606568,1405.660888671875,1408.7342529296875,1401.5958251953125
2025-05-29,1405.660888671875,1407.842003929875,1396.5395861721686,1400.0096192804465,13771917,1415.2579345703125,1411.2029418945312,1409.2984771148142,1394.496858735993,0.003468121654575773,8.346188566864528,58.85690802726789,25.61102359060692,1408.7342529296875,1401.5958251953125,1393.4661865234375
2025-05-30,1408.7342529296875,1418.3511529457182,1397.6300749154059,1405.8590585766528,13788484,1411.738330078125,1411.257470703125,1409.1958908993365,1395.8528010401544,0.0021864194149390226,8.070633655023567,45.4913275462411,23.795575463844898,1401.5958251953125,1393.4661865234375,1411.31201171875
2025-06-02,1401.5958251953125,1405.3633379328091,1383.650821945961,1400.0095486308933,8098668,1409.0515258789062,1410.3849975585938,1407.8140607713322,1396.399755721598,-0.0050672635520357945,4.10006353271914,49.37263637936575,21.532593944535847,1393.4661865234375,1411.31201171875,1430.0501708984375
2025-06-03,1393.4661865234375,1414.2863856817387,1391.384190812638,1410.1223942601396,11252626,1407.1578857421875,1409.6215942382812,1405.2053563626241,1396.1203681789161,-0.005800273178426574,5.76978194493585,44.05290098422238,18.865698855075152,1411.31201171875,1430.0501708984375,1431.1407470703125
2025-06-04,1411.31201171875,1413.4931269376204,1394.0609660849138,1402.5873087929724,8126827,1406.5927734375,1410.4891052246094,1406.3156573364652,1397.567191373186,0.012806787396711927,6.986776388952276,39.564903329056186,17.984856007345115,1430.0501708984375,1431.1407470703125,1436.3953857421875
2025-06-05,1430.0501708984375,1442.244785474372,1411.4110884077945,1415.7734397380668,13716817,1409.8645141601562,1412.2439514160155,1410.631023438642,1400.6608084708291,0.013277120171936607,13.644063352813365,45.726488659443554,18.58456327194949,1431.1407470703125,1436.3953857421875,1426.1834716796875
2025-06-06,1431.1407470703125,1439.0722510374496,1424.6964000970136,1428.6621520805822,8182161,1411.5202026367188,1415.53056640625,1414.3600640989455,1403.5636597660182,0.0007626139236709406,16.82968822796643,50.90422079662475,18.929627025484933,1436.3953857421875,1426.1834716796875,1436.4945068359375
2025-06-09,1436.3953857421875,1445.0208477095387,1432.9253528317358,1444.5251287223314,7885125,1412.9082153320312,1416.1403015136718,1418.3664862158985,1406.6904908113677,0.0036716435351531462,17.834917143727992,58.742792886163855,19.403427330136537,1426.1834716796875,1436.4945068359375,1429.257080078125
2025-06-10,1426.1834716796875,1441.4516401070769,1423.704876838395,1437.5850079496329,7913181,1414.5341674804688,1417.2705383300781,1419.7877563002237,1408.5469651797791,-0.007109403277025583,9.506589281109477,53.22691584377102,18.738891092839367,1436.4945068359375,1429.257080078125,1415.67431640625
2025-06-11,1436.4945068359375,1456.0257865422643,1430.7441181682645,1433.4210733170682,8195700,1418.1033447265625,1418.4850524902345,1422.825347306717,1411.208635813699,0.007229809741173154,4.412431000180644,64.66218470496293,18.827227146249697,1429.257080078125,1415.67431640625,1425.4896240234375
2025-06-12,1429.257080078125,1444.5252503749707,1422.1187744712338,1441.0552171722854,8828114,1420.4629638671875,1417.86044921875,1423.994753265155,1412.9275352674538,-0.005038255784043266,4.515473585661581,55.93898316473696,18.104536425121523,1415.67431640625,1425.4896240234375,1418.946044921875
2025-06-13,1415.67431640625,1423.2092208521976,1402.1907840779525,1411.8076840776937,9757276,1421.1569702148438,1416.4476501464844,1422.4819465635358,1413.1891334711486,-0.0095033733687242,8.605725244570086,47.35225776945399,16.248480935596717,1425.4896240234375,1418.946044921875,1417.85546875
2025-06-16,1425.4896240234375,1430.0502146798779,1412.204330439343,1414.6829254727506,8458093,1423.5463500976562,1416.2989379882813,1423.0287970107906,1414.3606087618427,0.006933309097606699,7.512262850640127,56.15689622206041,15.392126035082583,1418.946044921875,1417.85546875,1421.0281982421875
2025-06-17,1418.946044921875,1435.6022520574631,1413.59237643736,1435.6022520574631,10366599,1426.0943359375,1416.6261108398437,1422.2864784491696,1414.79731696756,-0.004590408089462872,8.275814689538324,57.32584663976136,14.023788950679545,1417.85546875,1421.0281982421875,1453.6463623046875
2025-06-18,1417.85546875,1430.4468040463896,1413.4931173168031,1417.7563491543892,6681735,1426.748681640625,1416.6707275390625,1421.480840322048,1415.0885695182685,-0.0007685818469123085,5.696882428978774,55.0783990369658,12.704917193340407,1421.0281982421875,1453.6463623046875,1444.326904296875
2025-06-19,1421.0281982421875,1427.5716651338516,1413.4931722804179,1417.8555238832446,10007230,1425.846484375,1417.8554992675781,1421.3985417620734,1415.6542484443562,0.002237695986731625,3.7219615314088927,55.11554574896483,11.77992295898025,1453.6463623046875,1444.326904296875,1438.3782958984375
2025-06-20,1453.6463623046875,1458.4053131642288,1415.8725983169522,1418.7477927518771,29010635,1428.0970458984375,1419.8086242675781,1427.2617818607305,1419.272545002483,0.022953917524542122,14.964024577004391,67.86930203788108,13.52298702583198,1444.326904296875,1438.3782958984375,1454.737060546875
2025-06-23,1444.326904296875,1451.266970188698,1429.6535737155343,1440.5593915455418,5989078,1428.8901977539062,1420.8992065429688,1430.364531394575,1421.6586744590918,-0.006411090241396078,16.642179199092375,67.31933933519502,13.991094849371166,1438.3782958984375,1454.737060546875,1482.497314453125
2025-06-24,1438.3782958984375,1462.3710470398119,1430.744150698803,1452.4566670598808,16402744,1430.1096801757812,1422.321923828125,1431.8215794861862,1423.251019358077,-0.00411860249971141,15.29073235408681,60.029383374329534,13.723870453130758,1454.737060546875,1482.497314453125,1502.4251708984375
2025-06-25,1454.737060546875,1459.7933702625824,1447.9952335758323,1451.4652666586912,7525851,1431.933935546875,1425.0186401367187,1435.9880305881295,1426.2496899474863,0.01137306138106009,13.74156080116093,59.311904005451716,14.6630819043487,1482.497314453125,1502.4251708984375,1487.7518310546875
2025-06-26,1482.497314453125,1485.9673475108061,1452.5558137403293,1456.5215658062507,14657893,1437.257958984375,1428.8604614257813,1444.4442640181287,1431.606606567071,0.01908266081831589,16.939597684696498,66.12702041517265,17.446323872561152,1502.4251708984375,1487.7518310546875,1515.3138427734375
2025-06-27,1502.4251708984375,1508.9686374999123,1484.083567880206,1486.5621628826696,11117052,1445.9330444335938,1433.5450073242187,1454.9862470872758,1438.3512317414868,0.0134420860335005,27.142358310669277,68.98515768902466,21.017794602580807,1487.7518310546875,1515.3138427734375,1505.7960205078125
2025-06-30,1487.7518310546875,1511.7447031481738,1483.191240482831,1500.838885203447,8409527,1452.1592651367187,1437.8528076171874,1460.9436259904417,1443.0560507236964,-0.009766436377643628,26.008310303689893,67.25958919297746,22.405913567595462,1515.3138427734375,1505.7960205078125,1504.8046875
2025-07-01,1515.3138427734375,1518.2881567329412,1487.256099345396,1487.7518183386467,10368523,1461.796044921875,1443.9451904296875,1470.8291199509863,1449.937745204624,0.018525947099128137,22.855034867098418,70.1469754949315,25.43681211242051,1505.7960205078125,1504.8046875,1514.223388671875
2025-07-02,1505.7960205078125,1516.900077238324,1495.7824003020085,1515.3138007089854,6361002,1470.5901000976562,1448.6693908691407,1477.1867382340456,1455.2575809477848,-0.006281089763032099,13.440828169587544,69.33863829131005,26.762313046722056,1504.8046875,1514.223388671875,1528.3016357421875
2025-07-03,1504.8046875,1518.7839394915495,1500.0457365549344,1507.7790015843786,11283291,1478.9677490234376,1452.4071166992187,1482.2081835551282,1459.9763530003768,-0.000658344818495471,9.941128440828594,74.05031436597153,27.41674660947774,1514.223388671875,1528.3016357421875,1524.4349365234375
2025-07-04,1514.223388671875,1516.900223008299,1504.2097675037892,1510.9515946827762,6603501,1485.0254516601562,1456.5612487792969,1488.0291299399914,1465.1427373500433,0.006259085481400639,11.044763739185909,73.99465382210788,28.368387282219828,1528.3016357421875,1524.4349365234375,1505.9942626953125
2025-07-07,1528.3016357421875,1531.5734294639212,1511.9429091838053,1513.5291857359532,7251074,1493.4229248046875,1461.156561279297,1495.3514037222092,1471.1578705302475,0.009297338276263556,9.456280143389023,78.41322058218111,29.913739287472936,1524.4349365234375,1505.9942626953125,1504.2095947265625
2025-07-08,1524.4349365234375,1531.672481820406,1517.0982716385254,1522.8486600409224,7171261,1502.0285888671874,1466.0691345214843,1500.6393187769781,1476.2318768153132,-0.002530062867381666,10.652475019331938,77.2981122353587,30.47513320818416,1505.9942626953125,1504.2095947265625,1482.3980712890625
2025-07-09,1505.9942626953125,1537.7202774459709,1497.1704406377573,1523.5426661942138,8870660,1507.1543090820312,1469.544122314453,1501.6129449439482,1479.0663897562656,-0.01209672737504952,10.60754506259743,70.1836953420234,29.096625881048567,1504.2095947265625,1482.3980712890625,1470.9964599609375
2025-07-10,1504.2095947265625,1511.6453792793734,1494.5926951149827,1506.6881895774993,10047129,1509.325537109375,1473.291748046875,1502.0850630862415,1481.4609807058177,-0.001185043006442732,10.760511072455964,64.07282833224613,27.54264661719799,1482.3980712890625,1470.9964599609375,1472.6820068359375
2025-07-11,1482.3980712890625,1502.0285923917668,1477.540121836759,1499.0542783474266,7234991,1507.3228271484375,1476.6279357910157,1498.5056100322092,1481.5502274280313,-0.01450032197239437,18.373979847836885,59.90711651413741,24.27131459361476,1470.9964599609375,1472.6820068359375,1472.8802490234375
2025-07-14,1470.9964599609375,1487.1569471972039,1466.4358695278945,1479.4236826617216,10311846,1505.6472900390625,1478.9032775878907,1493.503946382887,1480.5451067168797,-0.007691329035668826,21.054162081955585,58.253855287560405,20.52217874732628,1472.6820068359375,1472.8802490234375,1463.7591552734375
2025-07-15,1472.6820068359375,1483.6869442622558,1469.7076928815193,1473.4750846086956,8132454,1501.3841064453125,1481.5900756835938,1489.7181391925326,1479.7962400615518,0.0011458537942672375,16.873946288201555,54.90512738549587,17.48541019969457,1472.8802490234375,1463.7591552734375,1463.362548828125
2025-07-16,1472.8802490234375,1478.234038357326,1458.9009976142222,1460.388154594461,10409983,1498.092529296875,1484.3413146972657,1486.6567046163334,1479.137574248398,0.0001346130302264381,13.92082647598791,46.90487508790401,14.922725840300473,1463.7591552734375,1463.362548828125,1416.3682861328125
2025-07-17,1463.7591552734375,1476.8460890701654,1461.2805601585153,1474.6649737790947,11854613,1493.9879760742188,1486.4778625488282,1482.493513826716,1477.6729629174495,-0.006192692010126066,6.648368296281752,36.625523786361036,12.017256532053807,1463.362548828125,1416.3682861328125,1400.70361328125
2025-07-18,1463.362548828125,1472.0872520008465,1456.5216021387357,1472.0872520008465,10296318,1488.9018920898438,1486.963671875,1479.0151565542449,1476.310066337514,-0.00027095061635218354,4.782740063138543,40.63929251104046,9.572304776028432,1416.3682861328125,1400.70361328125,1412.402587890625
2025-07-21,1416.3682861328125,1463.362470991638,1410.9153771961905,1452.4566531183941,22442744,1477.7085571289062,1485.565740966797,1467.624816477621,1470.6013253656376,-0.03211388916092317,23.621642021426677,16.953604044357476,3.7988281165416993,1400.70361328125,1412.402587890625,1390.888427734375
2025-07-22,1400.70361328125,1419.640054314783,1398.6214967228645,1415.178583447059,20396320,1465.3354248046876,1483.6820068359375,1455.4573249873715,1463.9444004052198,-0.011059745551301958,32.541425691886346,16.284956784974412,-2.017446053454705,1412.402587890625,1390.888427734375,1379.7841796875
2025-07-23,1412.402587890625,1413.7906253323065,1402.2899684336514,1413.7906253323065,8354596,1455.9762573242188,1481.565283203125,1447.6291909697811,1459.0356563562107,0.008352212772528844,29.990869825457768,22.26187125862606,-5.618113641696482,1390.888427734375,1379.7841796875,1375.71923828125
2025-07-24,1390.888427734375,1410.81630780687,1384.0474811654185,1407.0487949065318,14740507,1444.644140625,1476.9848388671876,1437.3126885633435,1452.5454441065122,-0.015232314313711859,27.919897618692296,15.48274820676734,-10.091354714558292,1379.7841796875,1375.71923828125,1404.9666748046875
2025-07-25,1379.7841796875,1389.0046012536307,1372.2492752918665,1386.9226057137396,11854722,1434.3827514648438,1470.8527893066407,1426.8529596768265,1445.61579987613,-0.007983564911071106,15.115686071489069,7.7314054037152715,-14.36683853647105,1375.71923828125,1404.9666748046875,1398.026611328125
2025-07-28,1375.71923828125,1395.7463569486692,1373.1415238854815,1380.3790691362324,7748361,1424.855029296875,1465.2511596679688,1417.5559194230852,1438.9589844861414,-0.00294607045514228,15.062313454015822,7.72269105279706,-17.877120748024026,1404.9666748046875,1398.026611328125,1378.2969970703125
2025-07-29,1404.9666748046875,1408.04010820105,1371.1586653944225,1371.1586653944225,10750072,1418.08349609375,1459.7338012695313,1415.2669658561038,1435.7216216593363,0.02125974232938521,15.788414437492222,22.942129587248942,-18.090485142692614,1398.026611328125,1378.2969970703125,1381.76708984375
2025-07-30,1398.026611328125,1411.113664716939,1389.3020300940545,1405.9581148273558,7209849,1410.5981323242188,1454.3453308105468,1412.1323559419259,1432.1316206754113,-0.004939664122301846,12.221340713220973,22.325607143379827,-18.60511490140152,1378.2969970703125,1381.76708984375,1399.4146728515625
2025-07-31,1378.2969970703125,1390.5908519212596,1370.365493427784,1376.215001569177,17065827,1402.0519165039063,1448.0199462890625,1405.9804725107235,1427.0045136654019,-0.014112474038723288,13.217507290256046,22.570545619693732,-20.370163115812147,1381.76708984375,1399.4146728515625,1379.7841796875
2025-08-01,1381.76708984375,1393.8627060383,1372.4476694796913,1375.025384070285,10321171,1393.8923706054688,1441.3971313476563,1401.5780392985464,1422.6961875871493,0.002517666933043783,12.96067316873467,25.463512159033144,-21.244080519924182,1399.4146728515625,1379.7841796875,1380.874755859375
2025-08-04,1399.4146728515625,1403.975263237478,1379.7841529413568,1383.155066191865,6312820,1392.1970092773438,1434.952783203125,1401.1846999445493,1420.4789004694744,0.012771749405182442,11.733441635542375,31.478690523800353,-20.278891459617626,1379.7841796875,1380.874755859375,1377.5040283203125
2025-08-05,1379.7841796875,1398.918980991344,1376.2150271869518,1398.918980991344,9315972,1390.1050659179687,1427.7202453613281,1397.2936962614494,1416.603212775953,-0.014027645661354837,10.366478697185425,28.57143659936129,-20.857555992868356,1380.874755859375,1377.5040283203125,1356.0888671875
2025-08-06,1380.874755859375,1383.9481891450812,1371.4560958071288,1379.9824375441353,5834312,1386.9522827148437,1421.4642700195313,1394.3084343701632,1413.2005025934218,0.0007903961995867625,8.698545412146352,30.189558940664,-20.98623516625821,1377.5040283203125,1356.0888671875,1374.331298828125
2025-08-07,1377.5040283203125,1381.7671392504185,1354.3043541251445,1375.818511047819,9976705,1385.6138427734375,1415.1289916992187,1391.253087815645,1409.8008383769352,-0.002441008878437123,8.835299798821291,29.766368502237242,-21.11678275346935,1356.0888671875,1374.331298828125,1368.5810546875
2025-08-08,1356.0888671875,1385.2370458989403,1353.312792536344,1373.1415514013454,8793606,1383.2443115234375,1408.8135314941405,1384.8595931559823,1404.68541254937,-0.01554635100336188,15.392293612413669,33.846984203829166,-22.68674847195325,1374.331298828125,1368.5810546875,1370.7620849609375
2025-08-11,1374.331298828125,1376.1159356273254,1349.5453489789295,1358.2700517359046,9997486,1383.105517578125,1403.9802734375,1382.9453578236446,1401.7945445759183,0.01345223906930193,10.16752367353628,43.029338199802275,-22.203003437075267,1368.5810546875,1370.7620849609375,1367.4774169921875
2025-08-12,1368.5810546875,1389.8969719255274,1363.4255044148417,1370.0682117041065,12244664,1379.4669555664063,1398.7752258300782,1380.3336663443456,1398.6313550627356,-0.004184030550368867,9.720738566133868,38.041134770673985,-22.029684170971905,1370.7620849609375,1367.4774169921875,1375.3409423828125
2025-08-13,1370.7620849609375,1379.8833867126677,1365.7057756228248,1376.115874093997,7457021,1376.7405029296874,1393.6693176269532,1378.5933788200896,1395.9771388625643,0.00159364347911084,8.211134106727322,43.85960077256371,-21.468856870349555,1367.4774169921875,1375.3409423828125,1413.564208984375
2025-08-14,1367.4774169921875,1374.3455639562076,1363.794372575189,1370.961308962897,7126128,1375.658544921875,1388.8552307128907,1376.57229485138,1393.262879636814,-0.002396234915443829,6.867997130123526,46.05716922764053,-21.04682771927355,1375.3409423828125,1413.564208984375,1406.4969482421875
2025-08-18,1375.3409423828125,1388.4802648218374,1370.6626218339861,1383.602791829514,11785109,1375.0159301757812,1384.454150390625,1376.348412584368,1391.556028469766,0.005750387752597064,3.4573159606024215,49.881681700484805,-19.849038436195087,1413.564208984375,1406.4969482421875,1418.24267578125
2025-08-19,1413.564208984375,1414.460091190419,1382.7068811681168,1383.6027633741608,14384719,1376.4308837890626,1384.313946533203,1383.114921020733,1393.6520456616336,0.0277918481328272,19.47534017499202,52.546067514837695,-15.635250198488393,1406.4969482421875,1418.24267578125,1402.71435546875
2025-08-20,1406.4969482421875,1418.342205158243,1403.510755146132,1406.4969482421875,8725641,1379.1021606445313,1384.60361328125,1387.366198697361,1394.8753697169245,-0.004999603624136206,21.599501713551312,52.50651109866888,-12.719439755804615,1418.24267578125,1402.71435546875,1406.0987548828125
2025-08-21,1418.24267578125,1425.3099750709036,1413.7633861810953,1418.4417067156319,11021323,1382.8389526367187,1384.8956176757813,1392.9801036217043,1397.1008274373364,0.008351050852788644,23.202944454717837,62.40681664974435,-9.353040890120383,1402.71435546875,1406.0987548828125,1378.5262451171875
2025-08-22,1402.71435546875,1416.84907536351,1401.4204113959267,1413.464698965694,5818868,1385.3599853515625,1385.4869140625,1394.7499675938943,1397.6354491546138,-0.010948986783200665,16.739966675422647,56.05268801426685,-7.847687947460599,1406.0987548828125,1378.5262451171875,1379.521728515625
2025-08-25,1406.0987548828125,1412.9670232567023,1399.230486508923,1408.1890657335161,5979407,1390.3609741210937,1386.8026428222656,1396.8133834646069,1398.441478271585,0.002412750251587381,6.315745955914808,52.104853664312046,-6.308867449982017,1378.5262451171875,1379.521728515625,1350.9537353515625
2025-08-26,1378.5262451171875,1403.5107021083375,1375.241384232256,1401.519906786198,12145259,1390.78046875,1386.9429931640625,1393.4884492196215,1396.5447893997377,-0.019609227068779322,14.590321213954663,49.62274000947452,-7.230859378275454,1379.521728515625,1350.9537353515625,1347.6689453125
2025-08-28,1379.521728515625,1385.7926612650012,1360.2109883890075,1383.50331940736,13161813,1391.8745361328124,1385.6707458496094,1390.9490454552586,1394.9235455060127,0.0007221359781603987,17.41737576044465,49.593989699558236,-7.791402989703329,1350.9537353515625,1347.6689453125,1360.2109375
2025-08-29,1350.9537353515625,1397.0406983353935,1343.7869203796088,1374.7437651325777,18758842,1389.893701171875,1383.3171020507812,1383.6771708909503,1390.7359445389222,-0.02070862138199292,22.246907539554748,43.07944605022509,-10.420712647189475,1347.6689453125,1360.2109375,1366.2828369140625
2025-09-01,1347.6689453125,1356.9260708455383,1334.430107544873,1349.759256141992,11232238,1387.9128540039062,1381.7856994628905,1377.1302207857775,1386.6343255649772,-0.0024314600515965568,23.9546702762107,47.576186922035696,-12.623993064037904,1360.2109375,1366.2828369140625,1353.0440673828125
2025-09-02,1360.2109375,1378.128095842481,1348.2661652716795,1348.5648331807902,11517006,1386.399853515625,1380.7078918457032,1374.0539874610906,1384.117812415932,0.009306434069823899,15.010465703012951,45.79729164123402,-13.205845944741668,1366.2828369140625,1353.0440673828125,1368.671875
2025-09-03,1366.2828369140625,1370.1649121838109,1354.2385492379765,1363.3961593284287,7847563,1381.6717163085937,1379.0513000488281,1372.6410509979946,1382.4192433205158,0.004463939560155561,12.749545903102828,49.31727804737242,-13.02685157101223,1353.0440673828125,1368.671875,1372.15576171875
2025-09-04,1353.0440673828125,1367.6763641601647,1350.8541196588233,1365.4865379446771,13223177,1376.3264282226562,1377.7142944335938,1369.0779630679615,1379.621607516925,-0.009689625876550978,7.523310289566887,45.061058769405825,-13.794243843990216,1368.671875,1372.15576171875,1369.8662109375
2025-09-05,1368.671875,1374.6442613636364,1353.0441792852228,1356.7271022727273,5777575,1371.3693481445312,1377.104150390625,1369.0041288737866,1378.5787758486465,0.011550109855192225,8.82840265014814,50.31152122323894,-12.991615030348612,1372.15576171875,1369.8662109375,1370.66259765625
2025-09-08,1372.15576171875,1379.6212446443146,1366.0838599076599,1373.6488583038629,6986720,1368.3134887695312,1376.836737060547,1369.5771530274164,1377.9670602172278,0.0025454506535760313,7.548459260623097,49.14986632052708,-11.93680530955703,1369.8662109375,1370.66259765625,1376.9337158203125
2025-09-09,1369.8662109375,1374.843199236951,1362.4007284883235,1370.2643943031567,9754452,1364.690234375,1377.5256042480469,1369.629709011068,1377.1955507620157,-0.001668579358936717,7.54844364652988,35.56873008501361,-11.156997695366272,1370.66259765625,1376.9337158203125,1388.579833984375
2025-09-10,1370.66259765625,1382.1096709119122,1367.7759200987732,1377.5308659113482,7790815,1363.9038696289062,1377.3421691894532,1369.8175069465556,1376.5733647519428,0.0005813609478000359,7.837458291050914,37.65435473601249,-10.355362616138564,1376.9337158203125,1388.579833984375,1392.8599853515625
2025-09-11,1376.9337158203125,1379.1235422027225,1368.6718661340626,1369.6672638548873,9766072,1363.645068359375,1377.7598022460938,1371.1113631054204,1376.6076839013112,0.004575245705825681,3.2093309476556304,35.2103442760082,-9.109030975551605,1388.579833984375,1392.8599853515625,1398.8323974609375
2025-09-12,1388.579833984375,1389.873899637371,1374.146566892781,1376.9337291414593,7403368,1367.4076782226562,1378.6506896972655,1374.2874487197757,1377.747888671127,0.008458009292861446,7.735697998412341,44.79478534502135,-7.099718628949859,1392.8599853515625,1398.8323974609375,1407.2933349609375
2025-09-15,1392.8599853515625,1394.3530818320328,1382.2091575524387,1386.5889315301856,5396697,1371.9267822265624,1379.9198181152344,1377.664273561919,1379.1871359740255,0.0030823948774383325,10.464638868066844,45.15661118197051,-5.103126013244719,1398.8323974609375,1407.2933349609375,1408.4876708984375
2025-09-16,1398.8323974609375,1401.5199225726963,1391.7649767809332,1398.2350616507645,8686961,1375.7889282226563,1381.0943908691406,1381.5130233617406,1381.0581132584934,0.004287876866437168,11.56406236847624,58.82351693117202,-3.0042570319501465,1407.2933349609375,1408.4876708984375,1400.9227294921875
2025-09-17,1407.2933349609375,1409.6821922648512,1400.4250664409112,1400.5245819104894,7519417,1379.8899780273437,1380.7808471679687,1386.2003527434129,1383.5567058015833,0.0060485713051525725,11.357256456846045,61.332221554756586,-0.6506608838478769,1408.4876708984375,1400.9227294921875,1384.199951171875
2025-09-18,1408.4876708984375,1415.4554544293837,1404.2074124117412,1413.8628424954393,9332642,1385.4343383789062,1380.8803833007812,1390.2525924079628,1385.931083429855,0.0008486758999204369,8.730423508428053,80.23005521119822,1.2960143027999038,1400.9227294921875,1384.199951171875,1383.40380859375
2025-09-19,1400.9227294921875,1410.4785229891424,1397.1401696768169,1408.3882121473878,13461373,1388.659423828125,1380.014385986328,1392.1926173323673,1387.3588592453154,-0.005370967430211482,6.409541065330211,76.77675957354087,2.2029466667372617,1384.199951171875,1383.40380859375,1376.635009765625
2025-09-22,1384.199951171875,1404.2074196840813,1381.6119415772491,1397.4387885526373,7757970,1389.8638427734375,1379.0886657714843,1390.739405303187,1387.0580108573688,-0.01193697408733907,9.709217658701562,61.57535247106721,1.5543905996350986,1383.40380859375,1376.635009765625,1366.0838623046875
2025-09-23,1383.40380859375,1388.5798281670254,1370.4636381520502,1384.5982372618869,14014702,1391.2176025390625,1377.9539184570312,1389.4056604469256,1386.709991594167,-0.0005751644315916682,12.266915791194956,58.704516257160414,0.9650388245947852,1376.635009765625,1366.0838623046875,1371.2598876953125
2025-09-24,1376.635009765625,1389.5751797778832,1374.0470000648747,1378.9244730635044,5922759,1391.81484375,1377.859356689453,1387.0837239594164,1385.7504695152581,-0.004892858315176718,13.362353629004287,62.838556925394904,-0.047662772619105453,1366.0838623046875,1371.2598876953125,1366.48193359375
2025-09-25,1366.0838623046875,1378.128150477363,1362.6994857374575,1374.942926360271,11411143,1390.7298583984375,1377.1874633789062,1383.2655672949202,1383.8774593047276,-0.007664448009885971,12.714917710554593,48.509187053040904,-1.6822337613641594,1371.2598876953125,1366.48193359375,1357.722412109375
2025-09-26,1371.2598876953125,1376.3363918134596,1359.7132983361805,1365.685684712474,9879109,1388.9978637695312,1378.2027709960937,1381.0827164586278,1382.6757858181168,0.0037889514205171615,7.790320855983061,49.49380411826457,-2.5308074819395188,1366.48193359375,1357.722412109375,1362.4007568359375
2025-09-29,1366.48193359375,1382.6073268149732,1361.7039763015719,1375.2413599514077,14231999,1386.36005859375,1379.1434204101563,1378.4280286650137,1381.1335141777008,-0.0034843534361621575,7.323605656002477,48.14008281206813,-3.5479506673359538,1357.722412109375,1362.4007568359375,1357.125244140625
2025-09-30,1357.722412109375,1370.7620971908361,1356.5279835173724,1370.7620971908361,14604684,1382.2490600585938,1379.018994140625,1374.663371109443,1378.903885409289,-0.006410272444172027,7.0024096285093815,43.460746962503826,-5.003190481801084,1362.4007568359375,1357.125244140625,1368.671875
2025-10-01,1362.4007568359375,1372.255218175594,1356.4283707523282,1360.7086293823172,12045916,1377.7598022460938,1378.8248901367188,1372.4338048778966,1377.3321588784936,0.003445729911237372,5.051124799601806,42.53568705736011,-5.713117931108627,1357.125244140625,1368.671875,1378.4267578125
2025-10-03,1357.125244140625,1365.287456651113,1350.6551591113212,1356.926091696157,12842347,1372.6235595703124,1379.0289489746094,1369.6504301983925,1375.4076908082204,-0.0038722179717254335,5.9806849511006845,32.71326982423186,-6.6250607581851,1368.671875,1378.4267578125,1361.1068115234375
2025-10-06,1368.671875,1371.0608538471567,1352.7455113636363,1353.740909090909,12396580,1369.3984741210938,1379.0289489746094,1369.472511071412,1374.7661845407708,0.008508154209957652,5.139774310388722,37.68996318463471,-6.342947853201622,1378.4267578125,1361.1068115234375,1371.458984375
2025-10-07,1378.4267578125,1389.47564777439,1369.5676941462978,1369.667209612737,11244040,1368.8211547851563,1379.3424987792969,1371.100555933428,1375.1148105666498,0.00712726183001311,8.879841664353764,39.999976071202525,-5.271467628035907,1361.1068115234375,1371.458984375,1375.3409423828125
2025-10-08,1361.1068115234375,1382.6073771032557,1358.2201339506064,1378.426755451918,8525081,1366.591455078125,1378.9045288085938,1369.283511495248,1373.780715419677,-0.012565010212474692,8.30952907896942,29.174051559579297,-5.753563251001424,1371.458984375,1375.3409423828125,1368.671875
2025-10-09,1371.458984375,1373.6488106871855,1362.7989515764332,1367.676424553763,8826633,1366.0738525390625,1378.9443481445312,1369.6790520188392,1373.559598177327,0.007605702038898432,8.438726054582892,34.57713845844091,-5.239891466009567,1375.3409423828125,1368.671875,1369.5677490234375
2025-10-10,1375.3409423828125,1381.6119964455866,1368.7713419175536,1371.45898859096,6373084,1366.999560546875,1378.8647094726562,1370.7084866304708,1373.729250006421,0.0028305316105254885,6.661578595042555,39.007653928303164,-4.468056335081883,1368.671875,1369.5677490234375,1367.97509765625
2025-10-13,1368.671875,1371.3594002602317,1361.505059967041,1370.5631549835205,7600682,1366.7407592773438,1377.8693115234375,1370.338193606749,1373.2475952439045,-0.0048490284679943985,6.661578595042555,42.696664048613115,-4.344429555518673,1369.5677490234375,1367.97509765625,1391.8646240234375
2025-10-14,1369.5677490234375,1381.612037149334,1363.7943936365562,1373.6488553790207,9768174,1367.0493408203124,1376.7046997070313,1370.1981127734198,1372.897133699098,0.0006545571950453688,5.213534176731986,43.49857117127245,-4.126596064754722,1367.97509765625,1391.8646240234375,1410.279541015625
2025-10-15,1367.97509765625,1377.6304066718624,1366.382364141153,1376.6350089791804,10882743,1368.074609375,1375.1618347167969,1369.7939282066618,1372.428368361684,-0.001162886150263942,2.9532891124504363,45.72272666980187,-4.035951176042772,1391.8646240234375,1410.279541015625,1460.04931640625
2025-10-16,1391.8646240234375,1394.0544503152107,1368.671809484766,1368.7713249510273,12315932,1371.02099609375,1374.390399169922,1373.8067819915302,1374.2794403294702,0.017463421964418302,10.036638591198503,61.25108943720047,-2.0132221521648717,1410.279541015625,1460.04931640625,1458.4566650390625
2025-10-17,1410.279541015625,1416.7496262080865,1392.6609284325848,1394.5522084059296,19335561,1376.33642578125,1374.4799926757812,1380.4381927231839,1377.708021347199,0.013230393728203227,18.877249950201428,65.26483484891753,1.0634759844626842,1460.04931640625,1458.4566650390625,1441.7340087890625
2025-10-20,1460.04931640625,1467.0170999313523,1426.7034952504036,1433.3726108781723,24721978,1385.474169921875,1377.4363220214843,1394.9129424837413,1385.5500494480611,0.035290716445324666,37.84665134356561,77.07377308587833,7.4321135758368655,1458.4566650390625,1441.7340087890625,1444.9193115234375
2025-10-21,1458.4566650390625,1467.2162134241023,1453.2806455896807,1461.2438272093502,2066169,1393.4771606445313,1381.1491577148438,1406.4663465847088,1392.493536647204,-0.0010908202546936474,40.77273287519733,80.40870442554315,12.210041339492818,1441.7340087890625,1444.9193115234375,1477.2696533203125
2025-10-23,1441.7340087890625,1476.0752283864208,1437.9514490416038,1468.2115624957596,18707090,1401.5398803710937,1384.0656677246093,1412.8786488036822,1397.183105422619,-0.0114659946029676,30.261196716881177,72.32497904557759,14.480285198887486,1444.9193115234375,1477.2696533203125,1480.056884765625
2025-10-24,1444.9193115234375,1453.0816457634617,1434.3681199531734,1443.3266994671071,9700837,1408.8859130859375,1387.4798828125,1418.7042238436377,1401.7294107655541,0.002209355342217556,20.03412148106766,75.00001738021729,16.348047013988207,1477.2696533203125,1480.056884765625,1497.277099609375
2025-10-27,1477.2696533203125,1478.16553552233,1451.289798512833,1456.266786847925,14113867,1419.0787841796875,1393.0391723632813,1429.3524837484877,1408.923719580293,0.022389029988648,14.141698241630554,77.6482573479915,20.20574468182076,1480.056884765625,1497.277099609375,1481.6494140625
2025-10-28,1480.056884765625,1485.1333888036675,1470.79963742504,1477.26972256393,17631577,1430.21728515625,1398.479022216797,1438.5714657516037,1415.6983067408007,0.0018867452120525652,17.767862179086105,76.82608544351518,23.220235737078383,1497.277099609375,1481.6494140625,1479.5592041015625
2025-10-29,1497.277099609375,1501.3583271895798,1481.2512217130793,1483.1425015536738,11884745,1442.9882202148438,1405.018780517578,1449.2452173621075,1423.4677155854267,0.01163483310742941,24.035120088249105,85.96217145030933,26.69109075950746,1481.6494140625,1479.5592041015625,1477.866943359375
2025-10-30,1481.6494140625,1496.1821955688695,1477.1701246011085,1493.0964871305005,9318663,1454.3556518554688,1411.2151306152343,1455.1368894894515,1429.0088297261004,-0.010437403705000348,19.160085396709373,78.3120536055934,27.85959666497024,1479.5592041015625,1477.866943359375,1466.3203125
2025-10-31,1479.5592041015625,1490.6080945575152,1475.4780977270138,1483.540795005222,8758053,1463.1251098632813,1417.0730529785155,1459.5773103280171,1433.823151095192,-0.0014107318108448341,8.044650093096207,77.02642128695194,28.290864067922485,1477.866943359375,1466.3203125,1489.2144775390625
2025-11-03,1477.866943359375,1488.1195884585134,1472.4918928888083,1479.1610089962214,8452085,1469.8838500976562,1423.1101379394531,1462.9026981519003,1438.0177979774953,-0.0011437600722541408,7.939010736170583,79.06732505195897,28.171353466096207,1466.3203125,1489.2144775390625,1471.19775390625
2025-11-04,1466.3203125,1485.9297198935935,1463.334119430687,1477.07065615293,10007806,1470.5109497070312,1427.9925598144532,1463.5240825788273,1440.7132755510672,-0.0078130381840249,11.08679238787607,74.3731261128007,26.83557998054289,1489.2144775390625,1471.19775390625,1482.44580078125
2025-11-06,1489.2144775390625,1494.6891648996161,1469.406038969176,1477.1701896475465,16772678,1473.5867309570312,1433.5319458007812,1468.1950634806883,1445.332437645162,0.015613345081491259,8.27187377148405,77.58153856749388,27.30953038693724,1471.19775390625,1482.44580078125,1486.5269775390625
2025-11-07,1471.19775390625,1491.5038906434634,1469.1074431042953,1487.7213309001133,7821765,1476.53310546875,1439.0364929199218,1468.7410071944269,1447.795801098599,-0.012098138921255441,8.718870379445846,68.54351025504506,25.932407818538422,1482.44580078125,1486.5269775390625,1504.5435791015625
2025-11-10,1482.44580078125,1494.0919049344996,1468.7092643110286,1471.0982430243503,7068438,1480.2857543945313,1444.5858337402344,1471.2327878465765,1451.0958010683753,0.007645503023053557,9.034474841530763,67.45305689618728,25.45521971288622,1486.5269775390625,1504.5435791015625,1503.9464111328125
2025-11-11,1486.5269775390625,1491.9021495222175,1473.3876547459602,1490.1103850249956,7127506,1481.2114868164062,1450.1451354980468,1474.0135496088467,1454.4701988274883,0.0027530023395538894,9.929935908644689,58.22005282844398,25.11683037189755,1504.5435791015625,1503.9464111328125,1511.9095458984375
2025-11-12,1504.5435791015625,1517.6827797499902,1493.0965058897411,1498.0734942427068,12384459,1483.66015625,1456.938720703125,1479.5644640620678,1459.239092186924,0.01211992909292925,12.074010896144507,62.98374727459059,26.002700609762314,1503.9464111328125,1511.9095458984375,1511.3123779296875
2025-11-13,1503.9464111328125,1515.0948167835015,1499.8653048593553,1508.0275174062697,7196443,1484.3270874023438,1463.6576538085938,1483.9975453476577,1463.4969320865323,-0.00039690971869799085,14.390200707200982,69.27826238264198,26.352794085114738,1511.9095458984375,1511.3123779296875,1512.4072265625
2025-11-14,1511.9095458984375,1513.900341239272,1498.5711928131457,1498.5711928131457,7682823,1487.3531005859375,1470.8543762207032,1489.0724545387086,1468.1076572114757,0.005294826136542197,12.699786020011244,70.16179874352474,26.962002925054776,1511.3123779296875,1512.4072265625,1511.9095458984375
2025-11-17,1511.3123779296875,1516.6874283079178,1504.5436249599409,1513.900387650411,5871416,1490.52841796875,1476.8267639160156,1493.116076973432,1472.2223925179721,-0.0003949759893837612,10.25934148318927,62.66673812802726,27.084406674793172,1512.4072265625,1511.9095458984375,1541.9705810546875
2025-11-18,1512.4072265625,1520.7685911952462,1503.5481631005248,1514.696568271851,11045042,1493.9824462890624,1481.9331481933593,1496.623558716899,1476.049519569832,0.0007244356949636099,4.20312404313854,62.190560128946316,26.95899119387491,1511.9095458984375,1541.9705810546875,1539.4820556640625
2025-11-19,1511.9095458984375,1515.2939222795571,1505.0412776708577,1510.4164493928117,5692366,1498.5413696289063,1484.5261596679688,1499.4028291135423,1479.4647601725565,-0.0003290652512906167,3.5712265397260285,56.30907404736766,26.5138052091977,1541.9705810546875,1539.4820556640625,1528.831298828125
2025-11-20,1541.9705810546875,1543.7623455509595,1519.6736478639639,1522.9585089376258,18171724,1503.8169799804687,1488.70185546875,1507.1424203755685,1485.4176954946643,0.019882826481121718,13.46041660164547,73.12984045286933,28.260892439260033,1539.4820556640625,1528.831298828125,1532.61376953125
2025-11-21,1539.4820556640625,1550.6305827884978,1533.0119706260582,1533.9078528560988,9615271,1510.64541015625,1493.5892578125,1513.0223540643856,1490.5666821774641,-0.001613860485537244,15.830981238442074,72.90713540412554,29.10911667735877,1528.831298828125,1532.61376953125,1562.6748046875
2025-11-24,1528.831298828125,1542.8663816107544,1524.7501927010492,1542.8663816107544,18433951,1515.2839599609374,1497.7848571777345,1515.8967076577928,1494.2109313822891,-0.006918402716518335,14.351939075298338,68.2336386394168,28.592318977533978,1532.61376953125,1562.6748046875,1556.2047119140625
2025-11-25,1532.61376953125,1552.4222077972818,1518.0809876078647,1528.8313312270848,15033482,1519.8926391601562,1500.5520629882812,1518.9361734529668,1497.8683445393328,0.0024740929270772316,11.874809905903577,75.11315523214626,28.163317656523986,1562.6748046875,1556.2047119140625,1560.285888671875
2025-11-26,1562.6748046875,1564.3669320995493,1533.4100892950657,1535.2018536795324,14054299,1525.70576171875,1504.682958984375,1526.8886518592458,1504.0403883629679,0.019614227507197768,13.147090334282645,76.39488442229569,29.90428731598604,1556.2047119140625,1560.285888671875,1558.892333984375
2025-11-27,1556.2047119140625,1568.2489991897637,1548.8387449947777,1567.7513003642512,9794643,1530.931591796875,1507.6293395996095,1532.2188445964855,1509.0084191773578,-0.004140396168178739,14.814211133265221,83.30739377775907,30.411372528042648,1560.285888671875,1558.892333984375,1539.1834716796875
2025-11-28,1560.285888671875,1574.0224254817672,1555.806599039324,1560.7835875199362,8959508,1535.7692260742188,1511.5611633300782,1537.3219435192834,1513.8919877006451,0.002622519213936192,16.106760286520405,82.31411173768684,30.787657121838038,1558.892333984375,1539.1834716796875,1531.718017578125
2025-12-01,1558.892333984375,1570.2398922139623,1556.403839701944,1567.7513979315313,8920233,1540.5272216796875,1515.5278198242188,1541.2438326947545,1518.1777349657623,-0.0008931406081523763,12.256029006697267,80.727019409092,30.620443741656572,1539.1834716796875,1531.718017578125,1528.53271484375
2025-12-02,1539.1834716796875,1560.2858537619331,1534.9032130787248,1553.9152843475838,11389150,1543.2048461914062,1518.5936462402344,1540.8692216011057,1520.1782813194695,-0.012642863060538412,9.388860467312272,64.5000480320159,28.568268245794116,1531.718017578125,1528.53271484375,1533.5096435546875
2025-12-03,1531.718017578125,1545.2554018922647,1525.9446623591427,1538.0884656023031,6090883,1545.185693359375,1521.8635314941407,1539.2053663242002,1521.2773038202938,-0.004850269145247221,12.959925002836487,60.992926992140355,26.039339330725397,1528.53271484375,1533.5096435546875,1535.898681640625
2025-12-04,1528.53271484375,1553.3181423785347,1510.6155558800758,1528.9308982335338,11867930,1543.8419067382813,1523.829443359375,1537.2648842368458,1521.9682953463373,-0.002079562098127874,14.999247121196545,56.83867345493698,23.50714193605495,1533.5096435546875,1535.898681640625,1522.3612060546875
2025-12-05,1533.5096435546875,1538.685784402705,1513.6016899280953,1523.356635808528,10183266,1543.2446655273438,1526.9450378417969,1536.5821132037258,1523.0674713661801,0.003256017134998901,12.108592035331842,58.81419422637317,21.652358895108136,1535.898681640625,1522.3612060546875,1529.8267822265625
2025-12-08,1535.898681640625,1543.861863398969,1527.9354998822807,1532.1161217020071,11301491,1543.9514038085938,1529.6176818847657,1536.4578529195255,1524.2894913923178,0.001557889183141814,4.047978604746426,59.23319771235558,20.1430093069755,1522.3612060546875,1529.8267822265625,1537.889404296875
2025-12-09,1522.3612060546875,1535.4008911036892,1513.1039592099478,1533.211064854301,11503971,1542.9261474609375,1531.4093933105469,1533.8948262168278,1524.1058451696863,-0.008814042063944538,5.238115906153626,53.72603664936959,17.65100790990823,1529.8267822265625,1537.889404296875,1549.3365478515625
2025-12-10,1529.8267822265625,1540.3779737710465,1524.3520947592017,1526.9401045329791,7991629,1539.6413452148438,1532.6735534667969,1533.1551818549617,1524.6506963179602,0.004903945359473916,5.1875528041355325,44.83928867861886,16.092978613552987,1537.889404296875,1549.3365478515625,1549.037841796875
2025-12-11,1537.889404296875,1542.8663926602953,1516.9860531705099,1529.826707449835,4706197,1537.809814453125,1534.370703125,1534.0159495716732,1525.9115256492853,0.005270284298839245,6.118417935598268,49.353790924841235,15.332076753202045,1549.3365478515625,1549.037841796875,1535.201904296875
2025-12-12,1549.3365478515625,1552.62140892391,1538.9843872841,1543.6628294631555,5106655,1536.7148803710938,1536.2420532226563,1536.8015128952893,1528.1424801447404,0.007443411420030577,10.014672213731936,58.266463391228775,15.474366499418466,1549.037841796875,1535.201904296875,1537.292236328125
2025-12-15,1549.037841796875,1551.4268205626304,1539.3825327747268,1544.060853330096,5774543,1535.7294311523438,1538.1283264160156,1539.0262999683046,1530.1325145878009,-0.00019279610688960336,11.845436561335218,56.81253848148028,15.385672609619633,1535.201904296875,1537.292236328125,1537.292236328125
2025-12-16,1535.201904296875,1544.5585453663573,1531.7180123854912,1537.8894294536826,11731856,1535.3312744140626,1539.2680603027343,1538.3309553007718,1530.6153136077128,-0.008931955777110256,8.652894103156303,36.832121810684185,14.037126284453734,1537.292236328125,1537.292236328125,1557.8968505859375
2025-12-17,1537.292236328125,1542.8664391614582,1532.2157323461342,1542.8664391614582,7116649,1535.8886962890624,1540.5371948242187,1538.142097305745,1531.2512110096568,0.0013616007284771303,6.861518549919096,40.537906150412915,12.987355778233223,1537.292236328125,1557.8968505859375,1568.1495361328125
2025-12-18,1537.292236328125,1544.3595357154854,1528.1345045583196,1528.1345045583196,6580829,1536.7646484375,1540.3032775878905,1537.9875771279958,1531.8265467542728,0.0,6.950175868399858,38.006265440745736,12.01688195394945,1557.8968505859375,1568.1495361328125,1563.4710693359375
2025-12-19,1557.8968505859375,1566.9549449740825,1543.8617679066683,1547.2461442463334,13937275,1539.203369140625,1541.2240173339844,1541.6074450294398,1534.3094328334791,0.013403186310904314,9.794726947128153,49.56743688185378,12.763267622681724,1568.1495361328125,1563.4710693359375,1551.0286865234375
2025-12-22,1568.1495361328125,1570.2398469681211,1558.0960438231807,1566.2582562309594,10184852,1542.4284545898438,1543.1899291992188,1546.4332797755073,1537.5322998143681,0.00658110679344337,14.946420520453431,63.71345813318045,14.020470425311714,1563.4710693359375,1551.0286865234375,1552.0240478515625
2025-12-23,1563.4710693359375,1573.6241984599117,1560.8830596994947,1573.6241984599117,7506564,1546.5394409179687,1544.7327941894532,1549.5310596955853,1540.0026588164224,-0.002983431547231463,14.632474640960693,65.44036203865181,14.472469908814446,1551.0286865234375,1552.0240478515625,1538.4866943359375
2025-12-24,1551.0286865234375,1568.448146711295,1546.4498812900458,1565.4619535362338,8815745,1548.6596313476562,1544.15048828125,1549.8033554824674,1541.0527566932808,-0.00795817911602592,12.049751092292238,60.03550521414763,13.669117371999619,1552.0240478515625,1538.4866943359375,1532.71337890625
2025-12-26,1552.0240478515625,1553.8158123179846,1547.1466963201515,1547.5447581940155,2311495,1550.073095703125,1543.941455078125,1550.2071177313935,1542.0976415654982,0.0006417426942348925,7.347556789361978,58.563527177214816,12.963338739735946,1538.4866943359375,1532.71337890625,1563.172607421875
2025-12-29,1538.4866943359375,1550.9291658570105,1536.495898892566,1547.7439417510202,5972105,1548.9881103515625,1542.851495361328,1548.0761316594924,1541.7537418293496,-0.008722386443924313,11.633025264653034,51.085132845729035,11.182745072303305,1532.71337890625,1563.172607421875,1568.3485107421875
2025-12-30,1532.71337890625,1546.449793829553,1530.7225835687998,1539.8801935176687,8815884,1547.3556640625,1541.542547607422,1545.2829038861755,1540.8927548842923,-0.0037525936694431383,12.122989642238595,54.64287552242957,9.199704984370328,1563.172607421875,1568.3485107421875,1584.9718017578125
2025-12-31,1563.172607421875,1569.7422080874378,1533.9078900841737,1533.9078900841737,5771830,1550.152734375,1542.7420043945312,1548.5355772563025,1543.0146456021573,0.019872749161595316,12.025306552484782,62.39823173526862,9.970997161915648,1568.3485107421875,1584.9718017578125,1570.8370361328125
2026-01-01,1568.3485107421875,1585.1707553042595,1563.8692213237453,1566.457230908256,6408128,1553.2583618164062,1544.5735290527343,1552.1379287991906,1545.4273946631126,0.0033111527772029525,15.3391836442067,61.57336244906062,10.874548880280372,1584.9718017578125,1570.8370361328125,1500.6614990234375
2026-01-02,1584.9718017578125,1587.2611435561273,1570.9365970213464,1572.7283614795997,6602230,1558.026318359375,1547.3954833984376,1558.1077238825762,1549.1935286721316,0.010599232824698213,21.682040265820717,63.02766868975366,12.784607784743912,1570.8370361328125,1500.6614990234375,1497.277099609375
2026-01-05,1570.8370361328125,1604.3820104615531,1568.049995566515,1585.6684856930358,8704973,1559.3203369140624,1549.2618530273437,1560.42214429171,1551.2548150969585,-0.008917991859113128,19.26790037915315,57.237273504654524,13.007839494397786,1500.6614990234375,1497.277099609375,1463.831787109375
2026-01-06,1500.6614990234375,1561.77894010158,1489.4135782872731,1561.77894010158,27417125,1552.571533203125,1547.4999938964843,1549.5565724247515,1546.4364040423375,-0.04467397667305939,32.83676282978664,41.65461850232322,7.436450101562059,1497.277099609375,1463.831787109375,1468.51025390625
2026-01-07,1497.277099609375,1513.004431115157,1491.1056827700695,1503.0504545946628,11199340,1545.9521362304688,1546.2457885742188,1540.0512137310468,1541.7545655249126,-0.0022552717026890212,41.988514833992525,40.39193847163927,2.7166749818190965,1463.831787109375,1468.51025390625,1476.373779296875
2026-01-08,1463.831787109375,1496.9785780764303,1462.040144211037,1493.0965028672745,16518684,1537.2324462890624,1542.9460388183593,1526.1931361634704,1534.3333485329565,-0.022337423385908717,51.935318924669104,34.802289450184446,-3.6801159237552383,1468.51025390625,1476.373779296875,1446.11376953125
2026-01-09,1468.51025390625,1473.0890589574892,1458.2576091430024,1458.2576091430024,8335311,1528.8810668945312,1539.4770812988281,1515.7053393894303,1528.0644823780322,0.003196041265173921,42.79378269239825,30.20287153055834,-8.276697020693746,1476.373779296875,1446.11376953125,1452.086181640625
2026-01-12,1476.373779296875,1478.4642116159973,1444.322022844729,1468.5102348906719,8883745,1522.669775390625,1535.8289428710937,1508.5541466453294,1523.1415582750649,0.0053547636931428055,16.756448791966253,29.45631412840025,-11.156395888607676,1446.11376953125,1452.086181640625,1452.086181640625
2026-01-13,1446.11376953125,1478.9618923221497,1438.050951275772,1478.165525590484,13499760,1514.009814453125,1530.6827392578125,1497.2013508064056,1515.8055783947016,-0.020496171220296455,18.67214367198464,26.429435482882383,-15.699335713563414,1452.086181640625,1452.086181640625,1451.1903076171875
2026-01-14,1452.086181640625,1460.2483939989072,1433.5716876182923,1437.3542473990606,8321764,1502.901171875,1526.526953125,1488.9985927762636,1509.7370644181228,0.004129973889475558,12.258650018200631,29.597706791274803,-18.603277508281735,1452.086181640625,1451.1903076171875,1407.0941162109375
2026-01-15,1452.086181640625,1452.086181640625,1452.086181640625,1452.086181640625,0,1491.2749389648438,1522.266650390625,1482.2872452970566,1504.2465041535993,0.0,12.78616488074146,29.3075183762479,-20.66644241857898,1451.1903076171875,1407.0941162109375,1387.5843505859375
2026-01-16,1451.1903076171875,1473.1885721290346,1448.4031454989463,1452.0861898343726,17167161,1477.8967895507812,1517.9615539550782,1476.6332566279896,1499.1935330548934,-0.0006169565104086061,11.891942795354975,30.926497086960183,-22.11883288386025,1407.0941162109375,1387.5843505859375,1398.1356201171875
2026-01-19,1407.0941162109375,1443.9238298491432,1396.8415931572963,1443.9238298491432,20392765,1461.5224975585938,1510.4214172363281,1463.989776552162,1490.4221600221356,-0.030386222382269512,19.51191325486994,26.490314651046432,-26.522324068452463,1387.5843505859375,1398.1356201171875,1396.0452880859375
2026-01-20,1387.5843505859375,1409.4830993039366,1383.6027599099377,1404.207443054835,13189498,1450.2147827148438,1501.3931579589844,1450.0978809219393,1480.6280829329737,-0.013865288327362557,30.612066512852557,15.73425723837579,-31.226438646768884,1398.1356201171875,1396.0452880859375,1379.720703125
2026-01-21,1398.1356201171875,1406.3974698374059,1366.681076311502,1383.105138772638,17352720,1440.300634765625,1493.1263854980468,1440.6501971392572,1472.7716579028988,0.007604056306050433,30.391976299545977,17.465813513321805,-33.71444493615627,1396.0452880859375,1379.720703125,1374.146484375
2026-01-22,1396.0452880859375,1412.9670491536458,1388.5798052619484,1403.610286379211,15721693,1433.5219848632812,1485.377215576172,1432.5402136750172,1465.4643845869978,-0.0014950853130218933,25.1159444987283,11.764723321036925,-35.44627754787098,1379.720703125,1374.146484375,1390.2718505859375
2026-01-23,1379.720703125,1400.5245389866304,1374.6441992470054,1395.348519642108,9837802,1424.6430297851562,1476.7620483398437,1422.9366663022868,1457.2983196858552,-0.011693449417618407,10.457032053553394,11.661361803121395,-37.70142637105141,1374.146484375,1390.2718505859375,1384.59814453125
2026-01-27,1374.146484375,1385.195374217857,1361.7040134914885,1373.6487855396595,26302396,1414.4203002929687,1468.5450378417968,1414.0657241336892,1449.3790972752975,-0.00404010662257559,10.299050524370427,15.741265338422068,-39.483302000368894,1390.2718505859375,1384.59814453125,1388.9779052734375
2026-01-28,1390.2718505859375,1403.4111724845945,1378.526231208921,1378.6257466723232,11121657,1408.8361083984375,1461.4229614257813,1409.7395653068252,1443.7498356858346,0.011734823320726173,10.398568368443932,22.894600299196597,-39.14305224582358,1384.59814453125,1388.9779052734375,1384.0009765625
2026-01-29,1384.59814453125,1396.4434009824272,1377.6303609139109,1396.4434009824272,20846683,1402.0873046875,1452.49423828125,1405.1683978930841,1438.1163412901599,-0.00408100477061113,8.596694109325062,26.643190460974225,-38.88300346533333,1388.9779052734375,1384.0009765625,1430.4859619140625
2026-01-30,1388.9779052734375,1391.5659148620384,1372.1556606847782,1376.236766748553,11239835,1395.7764770507813,1443.5257080078125,1402.2246719622392,1433.4364902409482,0.0031631999215702145,6.686430565164066,26.5137756886042,-37.88676776938655,1384.0009765625,1430.4859619140625,1450.095458984375
2026-02-02,1384.0009765625,1386.4894707948447,1329.35361891851,1333.8329085367304,15711165,1389.0575439453125,1433.4771667480468,1398.9112727986503,1428.7283460810959,-0.0035831590207748842,6.339733932190859,22.248822427493664,-37.07150314386877,1430.4859619140625,1450.095458984375,1436.757080078125
2026-02-03,1430.4859619140625,1482.6448239290096,1423.6176937150067,1467.1166446366906,25456171,1391.396728515625,1426.4596130371094,1404.652125365089,1428.895738065188,0.033587393461975035,19.652146183440408,45.722051469177906,-32.30209182068779,1450.095458984375,1436.757080078125,1444.123046875
2026-02-04,1450.095458984375,1457.2622740237098,1433.6713964697635,1437.3543194605445,8333387,1397.6478393554687,1423.9313110351563,1412.9145496595047,1430.9147591051105,0.013708276482541581,30.669235155655425,49.49291927752502,-26.632968176453232,1436.757080078125,1444.123046875,1454.873291015625
2026-02-05,1436.757080078125,1454.7737543419996,1432.8750047042822,1450.2944646433757,11763658,1401.5099853515626,1420.9053100585938,1417.249555190163,1431.4711706263502,-0.009198276446980902,29.732310774836154,46.343786976735515,-22.951867704956612,1444.123046875,1454.873291015625,1451.7874755859375
2026-02-06,1444.123046875,1446.113842295832,1426.9026178813986,1434.865799564727,8277304,1406.3177612304687,1419.919873046875,1422.135644587406,1432.6761112214597,0.0051268004167235315,26.272488630007384,48.364824247203444,-19.21865639215366,1454.873291015625,1451.7874755859375,1461.9405517578125
2026-02-09,1454.873291015625,1459.153549837875,1446.3128948796364,1451.2898835062008,5775864,1413.8330200195312,1419.2380249023438,1428.0879439379912,1434.7901283447136,0.007444133077086468,9.846327379170507,63.07191965421818,-15.217190373558424,1451.7874755859375,1461.9405517578125,1442.231689453125
2026-02-10,1451.7874755859375,1464.2299462371711,1445.5164217743147,1464.2299462371711,10259630,1421.597119140625,1418.0087097167968,1432.3969496921632,1436.4089233200682,-0.002121020056346845,7.1814813425589765,69.29980096639913,-12.15488528929427,1461.9405517578125,1442.231689453125,1413.0665283203125
2026-02-11,1461.9405517578125,1463.234617369774,1446.91007080626,1452.882456999606,7106877,1428.7639892578125,1418.800048828125,1437.7685137040994,1438.8405069808057,0.0069935003177907795,9.738846657488184,69.22612890838226,-8.807194200569711,1442.231689453125,1413.0665283203125,1430.4859619140625
2026-02-12,1442.231689453125,1466.2207486838624,1438.8473131178025,1463.2345557130195,11135399,1434.52734375,1418.30732421875,1438.5800002039223,1439.1634767400742,-0.01348130215075427,8.054401618796046,62.581326941787765,-7.656209352506039,1413.0665283203125,1430.4859619140625,1416.450927734375
2026-02-13,1413.0665283203125,1444.0233720001163,1409.7817888672503,1438.8473526451965,10755693,1436.9362060546875,1416.3563415527344,1433.9411871341752,1436.6780530810493,-0.02022224400288386,19.089931553209635,58.48961023543006,-8.993755908321873,1430.4859619140625,1416.450927734375,1434.666748046875
2026-02-16,1430.4859619140625,1432.9744560797708,1402.8139796964888,1413.564201587246,5896514,1441.5847045898438,1415.3211242675782,1433.312964366882,1436.0883301127649,0.012327398069824858,18.981530885091722,63.52771796827325,-8.549613853025676,1416.450927734375,1434.666748046875,1403.0130615234375
2026-02-17,1416.450927734375,1425.2104761017015,1412.0711535507119,1424.5136248062843,10731630,1440.181201171875,1415.78896484375,1430.247139524608,1434.218101314823,-0.009811374982602317,20.001119919915812,56.34961850594077,-9.223811677563162,1434.666748046875,1403.0130615234375,1412.8675537109375
2026-02-18,1434.666748046875,1435.4629932986807,1412.6683617554224,1420.4325123887006,5521096,1438.638330078125,1418.143084716797,1431.0507047104747,1434.2608295750183,0.012860184532927255,12.325141657871072,61.44744627407201,-8.193800812285644,1403.0130615234375,1412.8675537109375,1421.4278564453125
2026-02-19,1403.0130615234375,1436.3588845536149,1393.5567833507007,1436.3588845536149,11884664,1435.2639282226562,1418.3869567871093,1425.9529514037406,1431.284851665344,-0.022063441957186347,12.97324584378207,52.853104428545336,-9.818516001618264,1412.8675537109375,1421.4278564453125,1422.2242431640625
2026-02-20,1412.8675537109375,1420.8307355027325,1399.6287153786739,1403.013091941889,8177670,1432.13837890625,1419.2280700683593,1423.5737881868674,1429.5308232887337,0.007023806447532088,12.998335294269054,55.75397163344907,-10.19343575036487,1421.4278564453125,1422.2242431640625,1392.063720703125
2026-02-23,1421.4278564453125,1428.2961245911818,1411.772547760535,1418.4416634695872,7758856,1428.7938354492187,1421.313427734375,1423.183618779312,1428.7591121607888,0.006058814721798367,11.64458288861581,47.87284300134273,-9.688138631679294,1422.2242431640625,1392.063720703125,1400.3255615234375
2026-02-24,1422.2242431640625,1426.7035326906043,1408.4877066792656,1418.7403513100855,12529409,1425.8375122070313,1423.7173156738281,1423.0091868492666,1428.1367436849102,0.0005602723452611258,11.777076809138292,42.82049621121837,-9.118315012618496,1392.063720703125,1400.3255615234375,1387.48486328125
2026-02-25,1392.063720703125,1433.8704252219175,1387.0867320699354,1428.395737725409,10728792,1418.8498291015626,1423.8069091796874,1417.382738459059,1424.701217686645,-0.02120658722132207,12.82837276463532,39.40538087940478,-10.973927188157177,1400.3255615234375,1387.48486328125,1351.75
2026-02-26,1400.3255615234375,1406.397463315574,1385.4941111892442,1392.0637118415314,16683858,1414.6592163085938,1424.593280029297,1414.2814335616733,1422.3797266234824,0.0059349587935093595,13.260068614812708,39.66165965993079,-11.643631166937212,1387.48486328125,1351.75,1338.8099365234375
2026-02-27,1387.48486328125,1403.9089251530934,1381.711508080472,1391.5659695052796,12031440,1412.1010498046876,1424.5186279296875,1409.4093298743237,1419.0564063051745,-0.009169794935556141,16.294879108681545,34.24849916683786,-13.059966267444452,1351.75,1338.8099365234375,1383.005615234375
2026-03-02,1351.75,1372.2551671563263,1335.3259388807069,1369.1694587628867,23728722,1404.2274536132813,1422.9060791015625,1398.9258153517194,1412.6462723713485,-0.025755137390645833,25.571978829627145,29.713375591203373,-16.871443359879095,1338.8099365234375,1383.005615234375,1398.334716796875
2026-03-04,1338.8099365234375,1346.5740873609554,1300.9848230751916,1323.8789706886037,32495007,1396.4633544921876,1418.3222778320312,1387.995655564759,1405.614240385833,-0.009572822989874274,27.085697863085645,25.30940169935947,-20.697631976186358,1383.005615234375,1398.334716796875,1417.4462890625
2026-03-05,1383.005615234375,1392.5614090361375,1346.8726294272453,1346.8726294272453,25957532,1391.2972412109375,1414.9677856445312,1387.0883755046893,1403.461037990456,0.03301116723536035,25.857813830747602,39.18576991933126,-19.9339064424928,1398.334716796875,1417.4462890625,1402.3162841796875
2026-03-06,1398.334716796875,1417.7449716586152,1383.9014503612218,1390.0728674061675,19311971,1390.8294067382812,1413.0466674804688,1389.1331648305413,1402.9728169244006,0.011083904066363504,25.32779632786996,47.16693671026333,-17.8855446439577,1417.4462890625,1402.3162841796875,1383.8017578125
2026-03-09,1417.4462890625,1422.8214608086796,1363.6948146177142,1368.6718029922313,24870822,1391.2872802734375,1411.7128295898438,1394.2810055999882,1404.3512428423148,0.013667380231682458,32.47847283122163,47.508565537733844,-14.55230904107907,1402.3162841796875,1383.8017578125,1385.7926025390625
2026-03-10,1402.3162841796875,1424.9117626543534,1394.1539503917586,1424.015880450879,18071259,1389.376123046875,1409.084979248047,1395.7419653417517,1404.157437255398,-0.010674129241834973,30.097553921550183,47.3106072043238,-12.981913342397775,1383.8017578125,1385.7926025390625,1374.3455810546875
2026-03-11,1383.8017578125,1427.4002232775151,1377.2321576556008,1418.34212900751,21848087,1385.5338745117188,1405.685693359375,1393.5710185182513,1402.2188011179792,-0.01320281777802923,14.301483024649142,40.33292779913715,-13.080546583919613,1385.7926025390625,1374.3455810546875,1388.6793212890625
2026-03-12,1385.7926025390625,1404.4066120742223,1374.7437125844203,1383.6027762448114,20939959,1384.9067626953124,1401.8782958984375,1392.1567610674897,1400.6544012533204,0.0014386776973818183,13.660576865168856,46.31128594319375,-12.849943457820018,1374.3455810546875,1388.6793212890625,1391.167724609375
2026-03-13,1374.3455810546875,1394.3531723993444,1372.0562392077015,1378.8248707870416,17265090,1382.3087646484375,1398.4839904785156,1388.9183647015257,1398.148799329641,-0.008260270305528894,17.092535577582428,41.80430390135204,-13.43598610184813,1388.6793212890625,1391.167724609375,1401.6195068359375
2026-03-16,1388.6793212890625,1390.8692691567512,1357.224777946389,1373.6488401657623,22837802,1382.4282104492188,1397.264630126953,1388.874902262896,1397.2469442781573,0.010429502180503425,10.114701315238655,43.19968405993128,-12.598587401386112,1391.167724609375,1401.6195068359375,1378.4267578125
2026-03-17,1391.167724609375,1399.429573667814,1381.8109624429321,1392.5613056143347,19007744,1386.3699829101563,1395.2987182617187,1389.2917790531649,1396.6679709763687,0.0017919207711702967,6.458804034661227,43.596036421905694,-11.600427044687649,1401.6195068359375,1378.4267578125,1407.8905029296875
2026-03-18,1401.6195068359375,1406.3974645008152,1390.7696473738063,1390.7696473738063,9559327,1392.6509399414062,1394.557147216797,1391.5331841045781,1397.139545820137,0.007512956232144763,9.83345879659062,52.14476367077586,-9.852433572850941,1378.4267578125,1407.8905029296875,1401.3209228515625
2026-03-19,1378.4267578125,1409.1844489610974,1369.7667250791762,1381.6119817895922,16498373,1392.1930541992188,1391.7451477050781,1389.1501975060185,1395.3573755336954,-0.016547107763784985,10.810168497620769,45.39362494845287,-10.220778397949971,1407.8905029296875,1401.3209228515625,1405.302490234375
2026-03-20,1407.8905029296875,1423.4186824363833,1389.6746767818195,1391.5659566755692,22994918,1393.1486328125,1391.9890197753907,1392.5575257648675,1396.5510067142661,0.0213749079885428,11.498673158078219,54.01173933473903,-8.042507315411967,1401.3209228515625,1405.302490234375,1406.596435546875
2026-03-23,1401.3209228515625,1409.0849519631759,1384.598192981382,1393.5567722314413,18979554,1391.5360961914062,1391.411688232422,1394.1508706897212,1397.0052844416277,-0.004666257826481779,11.547820874874311,61.00799077907792,-6.76830123344007,1405.302490234375,1406.596435546875,1341.8956298828125
2026-03-24,1405.302490234375,1415.8536813182018,1400.1263494042955,1413.4647025895886,18620893,1391.834716796875,1390.605419921875,1396.1784378796583,1397.7954945171275,0.0028412958929566745,11.77105061517023,65.37753378807564,-5.375242076190034,1406.596435546875,1341.8956298828125,1337.7149658203125
2026-03-25,1406.596435546875,1423.9163794589117,1401.9181150601291,1413.464703831985,19041331,1394.1141845703125,1389.8240295410155,1398.0726192736977,1398.6336793771036,0.0009207592824262978,12.257611545560287,56.80640884943036,-4.119336932889382,1341.8956298828125,1337.7149658203125,1362.8984375
2026-03-27,1341.8956298828125,1398.235116023098,1338.809921280448,1394.552193095842,23266517,1389.7244873046875,1387.315625,1387.8586212026275,1393.2300556157425,-0.04599812997457742,28.45189177903301,37.32675845547019,-8.249739486890576,1337.7149658203125,1362.8984375,1344.2845458984375
2026-03-30,1337.7149658203125,1358.7178325566667,1327.960019957529,1328.855902170806,24393861,1386.06142578125,1384.1850952148438,1378.7415929512977,1387.942904206654,-0.003115491227037581,35.46778389969923,30.809771530278795,-11.725296005844484,1362.8984375,1344.2845458984375,1298.6953125
2026-04-01,1362.8984375,1378.028554948465,1356.6275051009459,1377.8294025098971,14404619,1383.4833374023438,1382.9557739257812,1375.86101923288,1385.5577169012583,0.01882573816032962,33.40767177091257,40.95061034358485,-12.305750853872269,1344.2845458984375,1298.6953125,1298.5958251953125
2026-04-02,1344.2845458984375,1351.9490593116357,1321.8880984473344,1350.7546307176451,21280051,1378.79501953125,1382.582501220703,1370.1198422629814,1381.6269387105135,-0.013657577915861752,28.470409321321238,40.93193566513331,-14.105155539444922,1298.6953125,1298.5958251953125,1341.5970458984375
2026-04-06,1298.6953125,1352.7454554606609,1284.0630151171836,1352.7454554606609,29274881,1368.5026000976563,1380.5767700195313,1357.1335641242574,1373.7286885952265,-0.03391338056926663,23.534407382780586,33.345999847815094,-18.990950985401696,1298.5958251953125,1341.5970458984375,1323.87890625
2026-04-07,1298.5958251953125,1302.2788696189978,1285.058440671965,1289.040031502862,28388922,1360.5195068359376,1376.3562805175782,1346.4903388644493,1366.5731777952346,-7.660557771316245e-05,28.72228978103718,34.858713665812346,-22.610368615680045,1341.5970458984375,1323.87890625,1343.9859619140625
2026-04-08,1341.5970458984375,1344.3840865060406,1320.0963587364665,1342.7914745147666,21817543,1353.8901611328124,1373.5193969726563,1345.6006492342653,1364.1944985669682,0.03311362925154748,29.08593055031902,41.556582791013724,-21.758129852649972,1323.87890625,1343.9859619140625,1309.0474853515625
2026-04-09,1323.87890625,1343.7868597274437,1320.195983460075,1339.8052690319548,20725390,1346.1459594726562,1368.8410278320312,1341.6512414189442,1360.3549183463044,-0.013206752133664734,22.210925070464278,38.55789117967699,-22.255878373767473,1343.9859619140625,1309.0474853515625,1337.9140625
2026-04-10,1343.9859619140625,1346.0763943468285,1325.3720730291864,1330.8467605257397,19364461,1340.014306640625,1365.92451171875,1342.0757360544203,1358.7959701146624,0.015187987035020889,22.134319173582107,40.51129599007023,-20.78824239433311,1309.0474853515625,1337.9140625,1337.1177978515625
2026-04-13,1309.0474853515625,1321.4899565481755,1303.970981405046,1315.1193869938081,28753269,1330.2594116210937,1362.1867980957031,1336.0705995629917,1354.0580191848435,-0.02599616182950437,19.851846315802128,39.00282303862668,-22.188597037718637,1337.9140625,1337.1177978515625,1358.7178955078125
2026-04-15,1337.9140625,1340.8007402141902,1328.059600686701,1330.8467629297493,15313779,1329.8612548828125,1359.79287109375,1336.4057746424476,1352.5204995005727,0.02205158901526394,14.671012879851698,38.8871290860006,-20.73013258935339,1337.1177978515625,1358.7178955078125,1357.0257568359375
2026-04-16,1337.1177978515625,1347.5694738488123,1323.8789596516422,1345.7777093601655,30211012,1329.8015380859374,1357.9314819335937,1336.5352334077413,1351.0535755340002,-0.0005951538075245066,14.005554500343314,39.613524662033534,-19.41473987282461,1358.7178955078125,1357.0257568359375,1347.07177734375
2026-04-17,1358.7178955078125,1362.1022720767137,1333.832952366644,1333.832952366644,13869105,1329.3834838867188,1356.4334106445312,1340.5684446986634,1351.7835107696014,0.016154221932395352,18.041806646196545,42.870199559904776,-16.439826223503815,1357.0257568359375,1347.07177734375,1355.8311767578125
2026-04-20,1357.0257568359375,1366.6810660920328,1346.5740808024586,1356.9261198573818,13614733,1330.6576049804687,1354.7263122558593,1343.560683269077,1352.2827722997288,-0.0012453936740434157,20.06829669951963,42.422413725540686,-14.056690395455917,1347.07177734375,1355.8311767578125,1337.21728515625
2026-04-21,1347.07177734375,1363.4958396538184,1343.8864317482064,1352.7454957201878,27293629,1335.4952514648437,1351.99892578125,1344.1990640099266,1351.786487065826,-0.00733514411354752,10.203195512874121,50.95030737130857,-12.823420627610176,1355.8311767578125,1337.21728515625,1321.6890869140625
2026-04-22,1355.8311767578125,1359.7132520720183,1342.8910067161314,1344.085556855853,9525953,1341.2187866210938,1350.8691467285157,1346.3139936004513,1352.17169560792,0.006502548387833373,9.044964515160524,53.2710255655219,-11.012292273588173,1337.21728515625,1321.6890869140625,1359.51416015625
2026-04-23,1337.21728515625,1349.261572940554,1334.529638479888,1339.8052948565,16385079,1340.780810546875,1347.3354858398438,1344.6600466105965,1350.7474660410942,-0.013728767947403075,9.006398077784235,45.25038537846559,-10.952689704908607,1321.6890869140625,1359.51416015625,1382.5078125
2026-04-24,1321.6890869140625,1339.7057606040942,1318.9019248091768,1333.8328899956957,11744802,1340.5618286132812,1343.3538940429687,1340.483508483954,1347.9800013623294,-0.011612322406057696,14.684971550308,45.77282285601536,-12.01989222791326,1359.51416015625,1382.5078125,1418.83984375
2026-04-27,1359.51416015625,1365.2873936261717,1304.9663202853897,1306.9571155871217,24673098,1342.1146484375,1341.0644775390624,1343.943626969826,1349.0784926760361,0.02861873765675349,15.276889940739037,61.71846775650289,-9.701655971882928,1382.5078125,1418.83984375,1424.215087890625
2026-04-28,1382.5078125,1388.7787447541255,1350.75460334444,1351.7500009887617,41027699,1349.4606811523438,1339.8600463867188,1350.9552970662212,1352.2622374211755,0.016913139279922884,23.114103442441223,64.85724524320116,-5.940562353875066,1418.83984375,1424.215087890625,1424.215087890625
2026-04-29,1418.83984375,1427.2012083655534,1384.896807968084,1385.5935377241706,30542143,1357.5532592773438,1343.707257080078,1363.2979419178173,1358.6029618334446,0.026279801764230504,38.332710504262465,64.00721818678474,-0.02785617334006929,1424.215087890625,1424.215087890625,1456.3663330078125
2026-04-30,1424.215087890625,1430.386505071105,1386.6885214286783,1402.5153692729207,30957881,1366.26298828125,1348.0322631835938,1374.3737866401461,1364.8517357436524,0.0037884784278527928,42.66284412355096,69.04764773876474,5.03371778756582,1424.215087890625,1456.3663330078125,1456.864013671875
2026-05-01,1424.215087890625,1424.215087890625,1424.215087890625,1424.215087890625,0,1372.8127075195312,1351.098095703125,1383.4358414129606,1370.5053883290784,0.0,29.39171780983694,66.4893881255993,8.941974106935731,1456.3663330078125,1456.864013671875,1431.2823486328125
2026-05-04,1456.3663330078125,1460.6465916696056,1426.8030702776819,1426.8030702776819,24035700,1382.7467651367188,1356.7021850585938,1396.6959307938428,1378.6826211556245,0.022574711776720546,26.25597094729477,80.6291736968523,14.466867140212571,1456.864013671875,1431.2823486328125,1429.590087890625
2026-05-05,1456.864013671875,1466.6189594959255,1443.3266295857375,1453.280606341501,23543341,1393.7259887695313,1364.6106201171874,1407.6355822262121,1386.128468061934,0.0003417276634201105,18.85658892000497,78.038508860675,18.67032347691952,1431.2823486328125,1429.590087890625,1428.5947265625
2026-05-06,1431.2823486328125,1466.519450812893,1420.9301884572374,1456.2668061036345,14221786,1401.2711059570313,1371.2449462890625,1411.9349943001396,1390.4288376401128,-0.017559404857963812,16.707898921836716,69.87396430190857,19.71015988031786,1429.590087890625,1428.5947265625,1381.81103515625
2026-05-07,1429.590087890625,1442.828925531327,1423.717338832762,1432.1782190445704,19816903,1410.5083862304687,1375.644598388672,1415.1450113165913,1394.158480521114,-0.0011823388612344221,15.694051958480218,66.33026464937964,20.16523415562324,1428.5947265625,1381.81103515625,1357.722412109375
2026-05-08,1428.5947265625,1436.1598462687914,1410.9762359236815,1419.4371163507371,8663105,1421.1989501953126,1380.880389404297,1417.5904140885748,1397.438123001246,-0.0006962564559982454,14.707485161726968,66.54393775815821,20.21256854849753,1381.81103515625,1357.722412109375,1352.54638671875
2026-05-11,1381.81103515625,1421.427912122738,1375.6396180347506,1413.4647305422184,15261787,1423.4286376953125,1382.7716430664063,1411.0850724645159,1395.9498289207702,-0.0327480499097329,27.166552149015242,56.86195648609496,16.287278874626963,1357.722412109375,1352.54638671875,1355.5325927734375
2026-05-12,1357.722412109375,1387.0866431630602,1354.0394893602804,1385.593546668805,24357500,1420.95009765625,1385.205389404297,1401.382770581763,1392.3091225577803,-0.017432646312707356,33.99206828190974,50.35223964209015,11.104699897061664,1352.54638671875,1355.5325927734375,1330.24951171875
2026-05-13,1352.54638671875,1366.0837705701026,1346.1758174038478,1355.1343963286624,13797989,1414.320751953125,1385.9370056152343,1392.5034280612151,1388.5221953350156,-0.00381228544543466,37.31148932612175,53.00546160363405,6.50482317524893,1355.5325927734375,1330.24951171875,1329.7518310546875
2026-05-14,1355.5325927734375,1371.6579863902991,1352.148216400817,1358.9168476375535,17303059,1407.4525024414063,1386.8577453613282,1385.7814580088918,1385.380328424389,0.0022078400297471656,32.01621935913183,56.978653695706676,3.0650179853109876,1330.24951171875,1329.7518310546875,1316.6124267578125
2026-05-15,1330.24951171875,1358.5188307246153,1323.082575367519,1350.5556491178086,19976192,1398.0559448242188,1385.434326171875,1375.6847405015933,1380.1297744524236,-0.01865176919350786,18.326862380334443,43.63637039310018,-1.6817990195474977,1329.7518310546875,1316.6124267578125,1353.442138671875
2026-05-18,1329.7518310546875,1335.8237328112184,1312.6309174607939,1327.860551095503,13022473,1385.3944946289062,1384.0706298828125,1367.3333024203378,1375.3318750812107,-0.0003741258009706261,13.961535706590473,37.28408719778975,-5.421350412287438,1316.6124267578125,1353.442138671875,1343.388671875
2026-05-19,1316.6124267578125,1337.8144453658963,1312.3322897558653,1332.5387892026445,21665501,1371.3693359375,1382.5476623535155,1358.1113250271512,1369.7395466694586,-0.009881095096107906,16.574728067778594,22.258227157055202,-9.337574206209638,1353.442138671875,1343.388671875,1348.26611328125
2026-05-20,1353.442138671875,1356.6274840630256,1306.558933569541,1312.6308349443716,13248515,1363.5853149414063,1382.4282104492188,1357.2623820534645,1368.1874125744507,0.027973085446836077,16.78905774702759,33.59478810844827,-9.361446892563436,1343.388671875,1348.26611328125,1360.7086181640625
2026-05-21,1343.388671875,1364.590690861155,1339.0088978228712,1360.9076465750106,17150630,1354.9651733398437,1382.7367797851562,1354.7398892937438,1365.8256277459316,-0.007428072844503308,14.126320242000084,32.09873071935996,-10.075453364043142,1348.26611328125,1360.7086181640625,1350.0579833984375
2026-05-22,1348.26611328125,1361.106767233248,1342.8909416840763,1343.7868238683554,7105813,1346.9323120117188,1384.0656311035157,1353.562839109654,1364.1532930350095,0.0036307001155833074,14.98269070481311,22.76829726556565,-10.130956517393088,1360.7086181640625,1350.0579833984375,1344.2845458984375
2026-05-25,1360.7086181640625,1364.7897243191815,1350.7546414401118,1360.5095872329855,6750071,1344.8220703125,1384.1253540039063,1354.8620716650012,1363.825228761586,0.009228523034322533,16.85092877097083,27.15232863775141,-9.066424905948452,1350.0579833984375,1344.2845458984375,1344.2845458984375
2026-05-26,1350.0579833984375,1362.2017870434288,1346.1759079681497,1353.8404218493883,13769747,1344.0556274414062,1382.502862548828,1353.9886010710804,1362.5140625365243,-0.00782727074955647,6.449147626300823,29.226089975423093,-8.978692372234264,1344.2845458984375,1344.2845458984375,1315.119384765625
2026-05-27,1344.2845458984375,1354.736221375619,1342.393266034199,1346.7730400596713,13215138,1343.229443359375,1378.77509765625,1352.2242274033272,1360.7779180948016,-0.004276436694568342,6.926220603452066,28.6284425638419,-9.268193892860154,1344.2845458984375,1315.119384765625,1313.9249267578125
2026-05-28,1344.2845458984375,1344.2845458984375,1344.2845458984375,1344.2845458984375,0,1342.104638671875,1374.7785705566407,1350.7806489478928,1359.2071207427668,0.0,6.7428998418354755,28.77193823638433,-9.389390880326573,1315.119384765625,1313.9249267578125,1308.5498046875
2026-05-29,1315.119384765625,1362.6994431442622,1310.9387630540493,1357.7224546740495,42634247,1340.5916259765625,1369.3237854003905,1344.296782732935,1355.008288744944,-0.021695675384946322,16.91138463536451,31.573163920315793,-11.703909740015206,1313.9249267578125,1308.5498046875,1307.15625
2026-06-01,1313.9249267578125,1329.353590670499,1312.4318302501333,1326.3673976551404,10700603,1339.008935546875,1362.2017150878905,1338.7746271010944,1351.0955876033124,-0.0009082506285353897,17.520019326785306,36.14610515227781,-13.479185727687764,1308.5498046875,1307.15625,1297.699951171875
2026-06-02,1308.5498046875,1321.689127358814,1294.3156903458798,1301.6815361898255,23302785,1338.2026733398438,1354.7860046386718,1333.2792048440774,1347.043608277997,-0.004090889791988239,17.567082434151445,36.10063446080087,-15.145247185431344,1307.15625,1297.699951171875,1291.0
